"Timestamp","1. เพศ","2. อายุ","3. วอร์ดที่อยู่ปัจจุบัน","4. ท่านใช้หน้ากากอนามัยชนิดใดมากที่สุดระหว่างอยู่ที่วอร์ด","5. ท่านใช้หน้ากากอนามัยชนิดใดมากที่สุดเมื่ออยู่ที่หอพัก","6.ท่านใช้หน้ากากอนามัยชนิดใดมากที่สุดเมื่ออยู่นอกโรงพยาบาล","7.หน้ากากอนามัยที่โรงพยาบาลจัดให้เพียงพอหรือไม่ (โรงพยาบาลแจก 30 ชิ้นต่อเดือน)","8. จากข้อ 7 ถ้าไม่เพียงพอ ท่านต้องการหน้ากากอนามัยกี่ชิ้นต่อเดือน (ตอบเป็นจำนวนชิ้นที่ต้องการต่อเดือน)","9. ท่านใส่หน้ากากอนามัยเมื่ออยู่ในเขตที่อยู่อาศัย (บ้านหรือหอพัก) กับคนในครอบครัวหรือเพื่อนหรือไม่","10. ท่านทิ้งหน้ากากอนามัยที่ใช้แล้วเวลาใด","11. ท่านทิ้งหน้ากากอนามัยใช้แล้วลงถังขยะแบบใด","12. ท่านพับหน้ากากอนามัยใช้แล้วก่อนทิ้งหรือไม่","ในการใส่หน้ากากอนามัย ท่านได้ทำตามขั้นตอนเหล่านี้หรือไม่ [ล้างมือก่อนใส่หน้ากากอนามัย]","ในการใส่หน้ากากอนามัย ท่านได้ทำตามขั้นตอนเหล่านี้หรือไม่ [ตรวจสอบหน้ากากอนามัยว่ามีรูทะลุหรือรอยฉีกขาดก่อนใส่]","ในการใส่หน้ากากอนามัย ท่านได้ทำตามขั้นตอนเหล่านี้หรือไม่ [ใส่หน้ากากอนามัยโดยเอาขอบที่มีลวดไว้ด้านบน]","ในการใส่หน้ากากอนามัย ท่านได้ทำตามขั้นตอนเหล่านี้หรือไม่ [ใส่หน้ากากอนามัยโดยนำด้านสีเข้มออกด้านนอก]","ในการใส่หน้ากากอนามัย ท่านได้ทำตามขั้นตอนเหล่านี้หรือไม่ [กดด้านขอบที่มีลวดให้แนบพอดีกับจมูก]","ในการใส่หน้ากากอนามัย ท่านได้ทำตามขั้นตอนเหล่านี้หรือไม่ [ใส่หน้ากากอนามัยให้ปกปิดจมูก, ปากและคาง]","ในการถอดหน้ากากอนามัย ท่านได้ทำตามขั้นตอนเหล่านี้หรือไม่ [ถอดหน้ากากโดยการจับสายรัดหลังหู]","ในการถอดหน้ากากอนามัย ท่านได้ทำตามขั้นตอนเหล่านี้หรือไม่ [หลีกเลี่ยงไม่ให้หน้ากากสัมผัสใกล้ชิดตัวหลังถอด]","ในการถอดหน้ากากอนามัย ท่านได้ทำตามขั้นตอนเหล่านี้หรือไม่ [ทิ้งหน้ากากอนามัยทันทีหลังถอดลงในถังขยะติดเชื้อหรือถังขยะที่มีฝาปิด]","ในการถอดหน้ากากอนามัย ท่านได้ทำตามขั้นตอนเหล่านี้หรือไม่ [ล้างมือให้สะอาดหลังถอด]","ในการพับเก็บหน้ากากอนามัย ท่านได้ทำตามขั้นตอนเหล่านี้หรือไม่ [ก่อนเก็บ หากพบว่าหน้ากากนั้นมีส่วนที่เปื้อน ฉีกขาด หรือเปียกชื้น ให้ทิ้งหน้ากากเลย ห้ามนำกลับมาใช้ใหม่]","ในการพับเก็บหน้ากากอนามัย ท่านได้ทำตามขั้นตอนเหล่านี้หรือไม่ [พับหน้ากากโดยการพับหน้ากากด้านที่มีสีเข้มเข้าด้านใน]","ในการพับเก็บหน้ากากอนามัย ท่านได้ทำตามขั้นตอนเหล่านี้หรือไม่ [เก็บหน้ากากที่พับไว้ในที่เก็บที่สะอาดและซีลปิดได้]","ในการพับเก็บหน้ากากอนามัย ท่านได้ทำตามขั้นตอนเหล่านี้หรือไม่ [ล้างมือหลังเก็บหน้ากากอนามัย]","ในการใส่หน้ากากอนามัยหลังพับเก็บ ท่านได้ทำตามขั้นตอนเหล่านี้หรือไม่ [ล้างมือก่อนใส่หน้ากากอนามัย]","ในการใส่หน้ากากอนามัยหลังพับเก็บ ท่านได้ทำตามขั้นตอนเหล่านี้หรือไม่ [จับหน้ากากเฉพาะตรงเชือกที่ใช้คล้องหู]","ในการใส่หน้ากากอนามัยหลังพับเก็บ ท่านได้ทำตามขั้นตอนเหล่านี้หรือไม่ [เอาเชือกคล้องหู แล้วใช้มือแนบหน้ากากกับใบหน้าให้สนิท พร้อมทั้งคลุมทั้งจมูก ปาก และคาง]","ในการใส่หน้ากากอนามัยหลังพับเก็บ ท่านได้ทำตามขั้นตอนเหล่านี้หรือไม่ [ล้างมืออีกครั้งหลังใส่หน้ากากอนามัย]","ท่านได้ทำพฤติกรรมเหล่านี้บ่อยเพียงใด [ใส่หน้ากากอนามัยที่มีรอยฉีกขาดหรือเปียกชื้น]","ท่านได้ทำพฤติกรรมเหล่านี้บ่อยเพียงใด [ใส่หน้ากากอนามัยปิดเพียงแค่ปากหรือจมูก]","ท่านได้ทำพฤติกรรมเหล่านี้บ่อยเพียงใด [ใส่หน้ากากอนามัยที่สายรัดหลวม ไม่กระชับ]","ท่านได้ทำพฤติกรรมเหล่านี้บ่อยเพียงใด [จับหน้ากากอนามัยด้านที่หันออกจากใบหน้า]","ท่านได้ทำพฤติกรรมเหล่านี้บ่อยเพียงใด [เลื่อนหน้ากากอนามัยลงเพื่อพูด]","ท่านได้ทำพฤติกรรมเหล่านี้บ่อยเพียงใด [วางหน้ากากอนามัยที่ใช้แล้วในบริเวณที่ผู้อื่นอาจสัมผัสโดน]","ท่านได้ทำพฤติกรรมเหล่านี้บ่อยเพียงใด [ใช้หน้ากากอนามัยซ้ำ]"
"2020/08/05 1:58:40 PM GMT+7","หญิง","23","Medicine","หน้ากากอนามัยทางการแพทย์","หน้ากากอนามัยทางการแพทย์","หน้ากากอนามัยทางการแพทย์","เพียงพอ","","ไม่ใส่","หลังเสร็จกิจกรรมที่ต้องทำทั้งวันแล้ว","ถังขยะทั่วไปไม่มีฝาปิด","ไม่พับ","ไม่ทำ","ไม่ทำ","ทำ","ทำ","ทำ","ทำ","ไม่ทำ","ทำ","ไม่ทำ","ทำ","ทำ","ไม่ทำ","ไม่ทำ","ทำ","ไม่ทำ","ไม่ทำ","ทำ","ไม่ทำ","ทำเป็นบางครั้ง","ไม่เคยทำ","ทำเป็นบางครั้ง","ทำเป็นประจำ","ไม่เคยทำ","ไม่เคยทำ","ทำเป็นบางครั้ง"
"2020/08/05 1:58:51 PM GMT+7","ชาย","22","Medicine","หน้ากากอนามัยทางการแพทย์","หน้ากากอนามัยทางการแพทย์","หน้ากากอนามัยทางการแพทย์","เพียงพอ","","ไม่ใส่","หลังเสร็จกิจกรรมที่ต้องทำทั้งวันแล้ว","ถังขยะทั่วไปไม่มีฝาปิด","ไม่พับ","ไม่ทำ","ไม่ทำ","ทำ","ทำ","ทำ","ทำ","ทำ","ไม่ทำ","ไม่ทำ","ไม่ทำ","ไม่ทำ","ไม่ทำ","ไม่ทำ","ไม่ทำ","ไม่ทำ","ไม่ทำ","ไม่ทำ","ไม่ทำ","ไม่เคยทำ","ทำเป็นบางครั้ง","ไม่เคยทำ","ทำเป็นประจำ","ทำเป็นบางครั้ง","ไม่เคยทำ","ไม่เคยทำ"
"2020/08/05 2:00:09 PM GMT+7","ชาย","22","Orthopedic","หน้ากากอนามัยทางการแพทย์","หน้ากากอนามัยทางการแพทย์","หน้ากากอนามัยทางการแพทย์","เพียงพอ","","ไม่ใส่","หลังเดินทางกลับที่พัก ก่อนไปทำกิจกรรมอื่นๆต่อ","ถังขยะทั่วไปไม่มีฝาปิด","ไม่พับ","ไม่ทำ","ทำ","ทำ","ทำ","ทำ","ทำ","ไม่ทำ","ไม่ทำ","ไม่ทำ","ไม่ทำ","ทำ","ไม่ทำ","ไม่ทำ","ไม่ทำ","ไม่ทำ","ไม่ทำ","ทำ","ไม่ทำ","ทำเป็นบางครั้ง","ทำเป็นบางครั้ง","ไม่เคยทำ","ทำเป็นประจำ","ทำเป็นบางครั้ง","ทำเป็นบางครั้ง","ไม่เคยทำ"
"2020/08/05 2:00:52 PM GMT+7","ชาย","22","Psychology","หน้ากากอนามัยทางการแพทย์","หน้ากากอนามัยทางการแพทย์","หน้ากากอนามัยทางการแพทย์","เพียงพอ","","ใส่","หลังเสร็จกิจกรรมที่ต้องทำทั้งวันแล้ว","ถังขยะทั่วไปไม่มีฝาปิด","พับด้านสีเข้มออกด้านนอก","ทำ","ทำ","ทำ","ทำ","ทำ","ทำ","ทำ","ทำ","ทำ","ทำ","ทำ","ทำ","ทำ","ทำ","ทำ","ทำ","ทำ","ทำ","ไม่เคยทำ","ไม่เคยทำ","ไม่เคยทำ","ไม่เคยทำ","ทำเป็นบางครั้ง","ทำเป็นประจำ","ไม่เคยทำ"
"2020/08/05 2:01:13 PM GMT+7","ชาย","22","Community medicine","หน้ากากอนามัยทางการแพทย์","หน้ากากอนามัยทางการแพทย์","หน้ากากอนามัยทางการแพทย์","เพียงพอ","","ไม่ใส่","หลังเดินทางกลับที่พัก ก่อนไปทำกิจกรรมอื่นๆต่อ","ถังขยะทั่วไปมีฝาปิด","พับด้านสีเข้มออกด้านนอก","ไม่ทำ","ไม่ทำ","ทำ","ทำ","ทำ","ทำ","ทำ","ทำ","ทำ","ไม่ทำ","ทำ","ไม่ทำ","ไม่ทำ","ไม่ทำ","ไม่ทำ","ไม่ทำ","ทำ","ไม่ทำ","ไม่เคยทำ","ทำเป็นบางครั้ง","ไม่เคยทำ","ทำเป็นบางครั้ง","ทำเป็นบางครั้ง","ทำเป็นบางครั้ง","ทำเป็นบางครั้ง"
"2020/08/05 2:02:07 PM GMT+7","หญิง","22","Orthopedic","หน้ากากอนามัยทางการแพทย์","หน้ากากอนามัยทางการแพทย์","หน้ากากฟองน้ำ","เพียงพอ","","ไม่ใส่","หลังเสร็จกิจกรรมที่ต้องทำทั้งวันแล้ว","ถังขยะทั่วไปไม่มีฝาปิด","ไม่พับ","ไม่ทำ","ทำ","ทำ","ทำ","ทำ","ทำ","ทำ","ทำ","ไม่ทำ","ไม่ทำ","ทำ","ไม่ทำ","ทำ","ไม่ทำ","ไม่ทำ","ไม่ทำ","ทำ","ไม่ทำ","ไม่เคยทำ","ไม่เคยทำ","ไม่เคยทำ","ทำเป็นบางครั้ง","ทำเป็นประจำ","ไม่เคยทำ","ทำเป็นบางครั้ง"
"2020/08/05 2:02:35 PM GMT+7","หญิง","22","Community medicine","หน้ากากอนามัยทางการแพทย์","หน้ากากอนามัยทางการแพทย์","หน้ากากอนามัยทางการแพทย์","เพียงพอ","","ไม่ใส่","หลังเสร็จกิจกรรมที่ต้องทำทั้งวันแล้ว","ถังขยะทั่วไปมีฝาปิด","ไม่พับ","ไม่ทำ","ไม่ทำ","ทำ","ทำ","ทำ","ทำ","ทำ","ไม่ทำ","ทำ","ไม่ทำ","ไม่ทำ","ทำ","ไม่ทำ","ไม่ทำ","ไม่ทำ","ทำ","ทำ","ไม่ทำ","ไม่เคยทำ","ทำเป็นบางครั้ง","ไม่เคยทำ","ทำเป็นบางครั้ง","ทำเป็นบางครั้ง","ทำเป็นบางครั้ง","ทำเป็นบางครั้ง"
"2020/08/05 2:04:37 PM GMT+7","ชาย","22","Medicine","หน้ากากอนามัยทางการแพทย์","หน้ากากอนามัยทางการแพทย์","หน้ากากอนามัยทางการแพทย์","เพียงพอ","","ใส่","หลังเสร็จกิจกรรมที่ต้องทำทั้งวันแล้ว","ถังขยะทั่วไปไม่มีฝาปิด","ไม่พับ","ไม่ทำ","ไม่ทำ","ทำ","ทำ","ไม่ทำ","ทำ","ทำ","ไม่ทำ","ไม่ทำ","ไม่ทำ","ไม่ทำ","ไม่ทำ","ไม่ทำ","ไม่ทำ","ไม่ทำ","ทำ","ทำ","ไม่ทำ","ทำเป็นบางครั้ง","ไม่เคยทำ","ไม่เคยทำ","ทำเป็นบางครั้ง","ทำเป็นบางครั้ง","ทำเป็นบางครั้ง","ทำเป็นบางครั้ง"
"2020/08/05 2:05:06 PM GMT+7","หญิง","22","Orthopedic","หน้ากากอนามัยทางการแพทย์","หน้ากากอนามัยทางการแพทย์","หน้ากากผ้า","เพียงพอ","","ไม่ใส่","หลังเดินทางกลับที่พัก ก่อนไปทำกิจกรรมอื่นๆต่อ","ถังขยะติดเชื้อ","พับด้านสีเข้มออกด้านนอก","ไม่ทำ","ทำ","ทำ","ทำ","ทำ","ทำ","ทำ","ทำ","ทำ","ทำ","ทำ","ทำ","ทำ","ทำ","ไม่ทำ","ทำ","ทำ","ไม่ทำ","ไม่เคยทำ","ไม่เคยทำ","ไม่เคยทำ","ทำเป็นบางครั้ง","ทำเป็นบางครั้ง","ไม่เคยทำ","ไม่เคยทำ"
"2020/08/05 2:06:52 PM GMT+7","หญิง","23","Community medicine","หน้ากากอนามัยทางการแพทย์","หน้ากากอนามัยทางการแพทย์","หน้ากากอนามัยทางการแพทย์","เพียงพอ","","ไม่ใส่","หลังเสร็จกิจกรรมที่ต้องทำทั้งวันแล้ว","ถังขยะทั่วไปมีฝาปิด","ไม่พับ","ไม่ทำ","ทำ","ทำ","ทำ","ทำ","ทำ","ทำ","ทำ","ทำ","ไม่ทำ","ทำ","ทำ","ไม่ทำ","ไม่ทำ","ไม่ทำ","ทำ","ทำ","ไม่ทำ","ไม่เคยทำ","ทำเป็นบางครั้ง","ไม่เคยทำ","ทำเป็นบางครั้ง","ทำเป็นบางครั้ง","ทำเป็นบางครั้ง","ไม่เคยทำ"
"2020/08/05 2:10:33 PM GMT+7","หญิง","22","Orthopedic","หน้ากากอนามัยทางการแพทย์","หน้ากากอนามัยทางการแพทย์","หน้ากากผ้า","เพียงพอ","","ไม่ใส่","หลังเสร็จกิจกรรมที่ต้องทำทั้งวันแล้ว","ถังขยะทั่วไปมีฝาปิด","พับด้านสีเข้มเข้าด้านใน","ไม่ทำ","ไม่ทำ","ทำ","ทำ","ทำ","ทำ","ทำ","ทำ","ทำ","ไม่ทำ","ไม่ทำ","ทำ","ทำ","ไม่ทำ","ไม่ทำ","ไม่ทำ","ทำ","ไม่ทำ","ไม่เคยทำ","ทำเป็นบางครั้ง","ไม่เคยทำ","ทำเป็นบางครั้ง","ทำเป็นบางครั้ง","ทำเป็นประจำ","ทำเป็นบางครั้ง"
"2020/08/05 2:12:28 PM GMT+7","หญิง","22","Medicine","หน้ากากอนามัยทางการแพทย์","หน้ากากผ้า","หน้ากากอนามัยทางการแพทย์","เพียงพอ","","ไม่ใส่","หลังเสร็จกิจกรรมที่ต้องทำทั้งวันแล้ว","ถังขยะติดเชื้อ","พับด้านสีเข้มออกด้านนอก","ไม่ทำ","ทำ","ทำ","ทำ","ทำ","ทำ","ทำ","ทำ","ทำ","ทำ","ทำ","ทำ","ทำ","ทำ","ไม่ทำ","ไม่ทำ","ทำ;ไม่ทำ","ไม่ทำ","ไม่เคยทำ","ทำเป็นบางครั้ง","ทำเป็นบางครั้ง","ทำเป็นบางครั้ง","ทำเป็นบางครั้ง","ทำเป็นบางครั้ง","ทำเป็นบางครั้ง"
"2020/08/05 2:14:02 PM GMT+7","ชาย","23","Ophthalmology","หน้ากากอนามัยทางการแพทย์","หน้ากากอนามัยทางการแพทย์","หน้ากากอนามัยทางการแพทย์","เพียงพอ","","ไม่ใส่","หลังเสร็จกิจกรรมที่ต้องทำทั้งวันแล้ว","ถังขยะทั่วไปไม่มีฝาปิด","ไม่พับ","ไม่ทำ","ทำ","ทำ","ทำ","ทำ","ทำ","ทำ","ไม่ทำ","ไม่ทำ","ไม่ทำ","ทำ","ไม่ทำ","ไม่ทำ","ไม่ทำ","ไม่ทำ","ทำ","ไม่ทำ","ไม่ทำ","ไม่เคยทำ","ทำเป็นบางครั้ง","ไม่เคยทำ","ทำเป็นประจำ","ไม่เคยทำ","ไม่เคยทำ","ทำเป็นบางครั้ง"
"2020/08/05 2:17:11 PM GMT+7","ชาย","22","Medicine","หน้ากาก FFP1","หน้ากากฟองน้ำ","หน้ากากฟองน้ำ","เพียงพอ","","ไม่ใส่","หลังเสร็จกิจกรรมที่ต้องทำทั้งวันแล้ว","ถังขยะทั่วไปมีฝาปิด","ไม่พับ","ไม่ทำ","ไม่ทำ","ทำ","ทำ","ทำ","ทำ","ทำ","ทำ","ทำ","ไม่ทำ","ทำ","ไม่ทำ","ไม่ทำ","ไม่ทำ","ไม่ทำ","ทำ","ทำ","ไม่ทำ","ทำเป็นบางครั้ง","ไม่เคยทำ","ไม่เคยทำ","ทำเป็นบางครั้ง","ทำเป็นบางครั้ง","ไม่เคยทำ","ทำเป็นประจำ"
"2020/08/05 2:22:37 PM GMT+7","ชาย","22","Otolaryngology","หน้ากากอนามัยทางการแพทย์","หน้ากากอนามัยทางการแพทย์","หน้ากากอนามัยทางการแพทย์","เพียงพอ","","ไม่ใส่","หลังเสร็จกิจกรรมที่ต้องทำทั้งวันแล้ว","ถังขยะทั่วไปไม่มีฝาปิด","ไม่พับ","ทำ","ไม่ทำ","ทำ","ทำ","ทำ","ทำ","ทำ","ไม่ทำ","ไม่ทำ","ทำ","ทำ","ไม่ทำ","ไม่ทำ","ทำ","ไม่ทำ","ทำ","ทำ","ไม่ทำ","ไม่เคยทำ","ทำเป็นบางครั้ง","ไม่เคยทำ","ทำเป็นประจำ","ไม่เคยทำ","ไม่เคยทำ","ไม่เคยทำ"
"2020/08/05 2:27:00 PM GMT+7","ชาย","22","Psychology","หน้ากากอนามัยทางการแพทย์","หน้ากากอนามัยทางการแพทย์","หน้ากากผ้า","เพียงพอ","","ไม่ใส่","หลังเสร็จกิจกรรมที่ต้องทำทั้งวันแล้ว","ถังขยะทั่วไปมีฝาปิด","พับด้านสีเข้มออกด้านนอก","ไม่ทำ","ไม่ทำ","ทำ","ทำ","ทำ","ทำ","ทำ","ทำ","ทำ","ไม่ทำ","ทำ","ไม่ทำ","ไม่ทำ","ไม่ทำ","ไม่ทำ","ทำ","ทำ","ไม่ทำ","ไม่เคยทำ","ไม่เคยทำ","ไม่เคยทำ","ไม่เคยทำ","ทำเป็นบางครั้ง","ทำเป็นบางครั้ง","ทำเป็นบางครั้ง"
"2020/08/05 2:30:08 PM GMT+7","ชาย","22","Psychology","หน้ากากอนามัยทางการแพทย์","หน้ากากอนามัยทางการแพทย์","หน้ากากอนามัยทางการแพทย์","เพียงพอ","","ใส่","หลังเสร็จกิจกรรมที่ต้องทำทั้งวันแล้ว","ถังขยะทั่วไปไม่มีฝาปิด","พับด้านสีเข้มออกด้านนอก","ทำ","ทำ","ทำ","ทำ","ทำ","ทำ","ทำ","ทำ","ทำ","ทำ","ทำ","ทำ","ทำ","ทำ","ทำ","ทำ","ทำ","ทำ","ไม่เคยทำ","ไม่เคยทำ","ไม่เคยทำ","ไม่เคยทำ","ทำเป็นบางครั้ง","ทำเป็นประจำ","ไม่เคยทำ"
"2020/08/05 2:31:42 PM GMT+7","ชาย","23","Psychology","หน้ากากอนามัยทางการแพทย์","หน้ากากอนามัยทางการแพทย์","หน้ากากอนามัยทางการแพทย์","เพียงพอ","","ไม่ใส่","หลังเสร็จกิจกรรมที่ต้องทำทั้งวันแล้ว","ถังขยะทั่วไปไม่มีฝาปิด","ไม่พับ","ไม่ทำ","ไม่ทำ","ทำ","ทำ","ทำ","ทำ","ทำ","ทำ","ไม่ทำ","ไม่ทำ","ไม่ทำ","ไม่ทำ","ไม่ทำ","ไม่ทำ","ไม่ทำ","ทำ","ทำ","ไม่ทำ","ทำเป็นบางครั้ง","ทำเป็นบางครั้ง","ทำเป็นบางครั้ง","ทำเป็นบางครั้ง","ทำเป็นบางครั้ง","ทำเป็นบางครั้ง","ทำเป็นบางครั้ง"
"2020/08/05 2:43:50 PM GMT+7","หญิง","23","Otolaryngology","หน้ากากอนามัยทางการแพทย์","หน้ากากอนามัยทางการแพทย์","หน้ากากอนามัยทางการแพทย์","เพียงพอ","","ไม่ใส่","หลังเสร็จกิจกรรมที่ต้องทำทั้งวันแล้ว","ถังขยะทั่วไปไม่มีฝาปิด","ไม่พับ","ไม่ทำ","ทำ;ไม่ทำ","ทำ","ทำ","ทำ","ทำ","ทำ","ทำ","ไม่ทำ","ทำ","ทำ","ทำ","ทำ","ทำ","ไม่ทำ","ไม่ทำ","ไม่ทำ","ไม่ทำ","ทำเป็นบางครั้ง","ทำเป็นบางครั้ง","ไม่เคยทำ","ทำเป็นบางครั้ง","ทำเป็นประจำ","ทำเป็นบางครั้ง","ทำเป็นบางครั้ง"
"2020/08/05 2:49:36 PM GMT+7","หญิง","22","Community medicine","หน้ากากอนามัยทางการแพทย์","หน้ากากอนามัยทางการแพทย์","หน้ากากอนามัยทางการแพทย์","เพียงพอ","","ไม่ใส่","หลังเสร็จกิจกรรมที่ต้องทำทั้งวันแล้ว","ถังขยะทั่วไปไม่มีฝาปิด","ไม่พับ","ไม่ทำ","ไม่ทำ","ทำ","ทำ","ทำ","ทำ","ทำ","ทำ","ไม่ทำ","ไม่ทำ","ทำ","ไม่ทำ","ไม่ทำ","ไม่ทำ","ไม่ทำ","ทำ","ทำ","ไม่ทำ","ไม่เคยทำ","ไม่เคยทำ","ไม่เคยทำ","ทำเป็นบางครั้ง","ไม่เคยทำ","ทำเป็นบางครั้ง","ไม่เคยทำ"
"2020/08/05 2:52:08 PM GMT+7","หญิง","22","Orthopedic","หน้ากากอนามัยทางการแพทย์","หน้ากากอนามัยทางการแพทย์","หน้ากากอนามัยทางการแพทย์","เพียงพอ","","ไม่ใส่","หลังเสร็จกิจกรรมที่ต้องทำทั้งวันแล้ว","ถังขยะทั่วไปมีฝาปิด","ไม่พับ","ไม่ทำ","ไม่ทำ","ทำ","ทำ","ทำ","ทำ","ทำ","ทำ","ทำ","ไม่ทำ","ทำ","ไม่ทำ","ทำ","ไม่ทำ","ไม่ทำ","ทำ","ทำ","ไม่ทำ","ไม่เคยทำ","ไม่เคยทำ","ไม่เคยทำ","ไม่เคยทำ","ทำเป็นบางครั้ง","ทำเป็นบางครั้ง","ไม่เคยทำ"
"2020/08/05 2:55:16 PM GMT+7","ชาย","22","Ophthalmology","หน้ากากอนามัยทางการแพทย์","หน้ากากอนามัยทางการแพทย์","หน้ากากอนามัยทางการแพทย์","เพียงพอ","","ใส่","หลังเดินทางกลับที่พัก ก่อนไปทำกิจกรรมอื่นๆต่อ","ถังขยะทั่วไปมีฝาปิด","พับด้านสีเข้มออกด้านนอก","ไม่ทำ","ทำ","ทำ","ทำ","ทำ","ทำ","ทำ","ทำ","ทำ","ทำ","ทำ","ทำ","ไม่ทำ","ทำ","ไม่ทำ","ทำ","ทำ","ทำ","ไม่เคยทำ","ทำเป็นบางครั้ง","ไม่เคยทำ","ไม่เคยทำ","ทำเป็นบางครั้ง","ไม่เคยทำ","ไม่เคยทำ"
"2020/08/05 2:55:36 PM GMT+7","ชาย","22","Community medicine","หน้ากากอนามัยทางการแพทย์","หน้ากากอนามัยทางการแพทย์","หน้ากากผ้า","เพียงพอ","","ไม่ใส่","หลังเสร็จกิจกรรมที่ต้องทำทั้งวันแล้ว","ถังขยะทั่วไปไม่มีฝาปิด","ไม่พับ","ไม่ทำ","ทำ","ทำ","ทำ","ทำ","ทำ","ทำ","ทำ","ไม่ทำ","ทำ","ทำ","ทำ","ไม่ทำ","ไม่ทำ","ไม่ทำ","ทำ","ทำ","ทำ","ไม่เคยทำ","ไม่เคยทำ","ทำเป็นประจำ","ไม่เคยทำ","ทำเป็นบางครั้ง","ไม่เคยทำ","ทำเป็นประจำ"
"2020/08/05 2:56:45 PM GMT+7","ชาย","22","Medicine","หน้ากากอนามัยทางการแพทย์","หน้ากากอนามัยทางการแพทย์","หน้ากากอนามัยทางการแพทย์","เพียงพอ","","ไม่ใส่","หลังเสร็จกิจกรรมที่ต้องทำทั้งวันแล้ว","ถังขยะทั่วไปมีฝาปิด","พับด้านสีเข้มออกด้านนอก","ไม่ทำ","ไม่ทำ","ทำ","ทำ","ทำ","ทำ","ทำ","ไม่ทำ","ไม่ทำ","ไม่ทำ","ทำ","ไม่ทำ","ไม่ทำ","ไม่ทำ","ไม่ทำ","ทำ","ทำ","ไม่ทำ","ไม่เคยทำ","ไม่เคยทำ","ไม่เคยทำ","ทำเป็นบางครั้ง","ทำเป็นบางครั้ง","ไม่เคยทำ","ทำเป็นบางครั้ง"
"2020/08/05 2:57:17 PM GMT+7","ชาย","23","Rehabilitation","หน้ากากอนามัยทางการแพทย์","หน้ากากอนามัยทางการแพทย์","หน้ากากอนามัยทางการแพทย์","เพียงพอ","","ไม่ใส่","หลังเสร็จกิจกรรมที่ต้องทำทั้งวันแล้ว","ถังขยะทั่วไปมีฝาปิด","พับด้านสีเข้มออกด้านนอก","ไม่ทำ","ทำ","ทำ","ทำ","ทำ","ทำ","ทำ","ไม่ทำ","ทำ","ไม่ทำ","ทำ","ทำ","ทำ","ไม่ทำ","ไม่ทำ","ทำ","ทำ","ไม่ทำ","ไม่เคยทำ","ไม่เคยทำ","ไม่เคยทำ","ไม่เคยทำ","ทำเป็นประจำ","ทำเป็นบางครั้ง","ไม่เคยทำ"
"2020/08/05 2:59:20 PM GMT+7","ชาย","22","Community medicine","หน้ากากอนามัยทางการแพทย์","หน้ากากอนามัยทางการแพทย์","หน้ากากอนามัยทางการแพทย์","เพียงพอ","","ไม่ใส่","หลังเดินทางกลับที่พัก ก่อนไปทำกิจกรรมอื่นๆต่อ","ถังขยะทั่วไปไม่มีฝาปิด","ไม่พับ","ไม่ทำ","ไม่ทำ","ทำ","ทำ","ทำ","ทำ","ทำ","ทำ","ทำ","ทำ","ไม่ทำ","ไม่ทำ","ไม่ทำ","ไม่ทำ","ไม่ทำ","ทำ","ทำ","ไม่ทำ","ทำเป็นบางครั้ง","ทำเป็นบางครั้ง","ไม่เคยทำ","ทำเป็นประจำ","ทำเป็นประจำ","ทำเป็นประจำ","ทำเป็นบางครั้ง"
"2020/08/05 2:59:53 PM GMT+7","หญิง","22","Medicine","หน้ากากอนามัยทางการแพทย์","หน้ากากอนามัยทางการแพทย์","หน้ากากผ้า","เพียงพอ","","ไม่ใส่","หลังเสร็จกิจกรรมที่ต้องทำทั้งวันแล้ว","ถังขยะทั่วไปมีฝาปิด","ไม่พับ","ไม่ทำ","ทำ","ทำ","ทำ","ทำ","ทำ","ไม่ทำ","ไม่ทำ","ไม่ทำ","ไม่ทำ","ทำ","ไม่ทำ","ไม่ทำ","ไม่ทำ","ไม่ทำ","ไม่ทำ","ทำ","ไม่ทำ","ไม่เคยทำ","ไม่เคยทำ","ไม่เคยทำ","ทำเป็นบางครั้ง","ทำเป็นบางครั้ง","ทำเป็นบางครั้ง","ไม่เคยทำ"
"2020/08/05 3:08:10 PM GMT+7","ชาย","22","Rehabilitation","หน้ากากอนามัยทางการแพทย์","หน้ากากอนามัยทางการแพทย์","หน้ากากอนามัยทางการแพทย์","เพียงพอ","","ไม่ใส่","หลังเสร็จกิจกรรมที่ต้องทำทั้งวันแล้ว","ถังขยะทั่วไปไม่มีฝาปิด","ไม่พับ","ไม่ทำ","ทำ","ทำ","ทำ","ทำ","ทำ","ทำ","ไม่ทำ","ไม่ทำ","ไม่ทำ","ทำ","ไม่ทำ","ไม่ทำ","ไม่ทำ","ไม่ทำ","ไม่ทำ","ไม่ทำ","ไม่ทำ","ไม่เคยทำ","ทำเป็นบางครั้ง","ไม่เคยทำ","ทำเป็นประจำ","ทำเป็นบางครั้ง","ทำเป็นบางครั้ง","ทำเป็นประจำ"
"2020/08/05 3:27:14 PM GMT+7","ชาย","22","Community medicine","หน้ากากอนามัยทางการแพทย์","หน้ากากอนามัยทางการแพทย์","หน้ากากอนามัยทางการแพทย์","เพียงพอ","","ไม่ใส่","หลังเสร็จกิจกรรมที่ต้องทำทั้งวันแล้ว","ถังขยะทั่วไปไม่มีฝาปิด","ไม่พับ","ไม่ทำ","ไม่ทำ","ทำ","ทำ","ทำ","ทำ","ทำ","ไม่ทำ","ทำ","ไม่ทำ","ทำ","ไม่ทำ","ไม่ทำ","ไม่ทำ","ไม่ทำ","ไม่ทำ","ทำ","ไม่ทำ","ไม่เคยทำ","ไม่เคยทำ","ไม่เคยทำ","ทำเป็นประจำ","ไม่เคยทำ","ไม่เคยทำ","ทำเป็นบางครั้ง"
"2020/08/05 3:27:30 PM GMT+7","ชาย","22","Medicine","หน้ากากอนามัยทางการแพทย์","หน้ากากอนามัยทางการแพทย์","หน้ากากฟองน้ำ","เพียงพอ","","ใส่","หลังเสร็จกิจกรรมที่ต้องทำทั้งวันแล้ว","ถังขยะทั่วไปไม่มีฝาปิด","พับด้านสีเข้มออกด้านนอก","ทำ","ไม่ทำ","ทำ","ทำ","ทำ","ทำ","ไม่ทำ","ไม่ทำ","ไม่ทำ","ไม่ทำ","ทำ","ไม่ทำ","ไม่ทำ","ไม่ทำ","ไม่ทำ","ไม่ทำ","ไม่ทำ","ไม่ทำ","ทำเป็นบางครั้ง","ทำเป็นประจำ","ไม่เคยทำ","ทำเป็นบางครั้ง","ทำเป็นประจำ","ทำเป็นประจำ","ทำเป็นบางครั้ง"
"2020/08/05 3:29:57 PM GMT+7","หญิง","21","Medicine","หน้ากากอนามัยทางการแพทย์","หน้ากากอนามัยทางการแพทย์","หน้ากากอนามัยทางการแพทย์","เพียงพอ","","ไม่ใส่","หลังเสร็จกิจกรรมที่ต้องทำทั้งวันแล้ว","ถังขยะติดเชื้อ","ไม่พับ","ไม่ทำ","ไม่ทำ","ทำ","ทำ","ทำ","ทำ","ทำ","ไม่ทำ","ไม่ทำ","ไม่ทำ","ทำ","ทำ","ไม่ทำ","ไม่ทำ","ไม่ทำ","ทำ","ทำ","ไม่ทำ","ไม่เคยทำ","ไม่เคยทำ","ไม่เคยทำ","ไม่เคยทำ","ทำเป็นบางครั้ง","ไม่เคยทำ","ไม่เคยทำ"
"2020/08/05 3:37:05 PM GMT+7","ชาย","23","Community medicine","หน้ากากอนามัยทางการแพทย์","หน้ากากอนามัยทางการแพทย์","หน้ากากอนามัยทางการแพทย์","เพียงพอ","31","ไม่ใส่","หลังเสร็จกิจกรรมที่ต้องทำทั้งวันแล้ว","ถังขยะทั่วไปมีฝาปิด","ไม่พับ","ไม่ทำ","ทำ","ทำ","ทำ","ทำ","ทำ","ทำ","ทำ","ไม่ทำ","ไม่ทำ","ทำ","ไม่ทำ","ไม่ทำ","ไม่ทำ","ไม่ทำ","ไม่ทำ","ทำ","ไม่ทำ","ไม่เคยทำ","ทำเป็นบางครั้ง","ไม่เคยทำ","ทำเป็นบางครั้ง","ทำเป็นบางครั้ง","ไม่เคยทำ","ทำเป็นประจำ;ทำเป็นบางครั้ง"
"2020/08/05 3:43:51 PM GMT+7","หญิง","22","Orthopedic","หน้ากากอนามัยทางการแพทย์","หน้ากากผ้า","หน้ากากผ้า","เพียงพอ","","ไม่ใส่","หลังเดินทางกลับที่พัก ก่อนไปทำกิจกรรมอื่นๆต่อ","ถังขยะทั่วไปมีฝาปิด","ไม่พับ","ไม่ทำ","ไม่ทำ","ทำ","ทำ","ทำ","ทำ","ทำ","ทำ","ไม่ทำ","ไม่ทำ","ทำ","ไม่ทำ","ไม่ทำ","ไม่ทำ","ไม่ทำ","ทำ","ทำ","ไม่ทำ","ไม่เคยทำ","ไม่เคยทำ","ไม่เคยทำ","ไม่เคยทำ","ทำเป็นบางครั้ง","ไม่เคยทำ","ไม่เคยทำ"
"2020/08/05 4:00:08 PM GMT+7","หญิง","22","Community medicine","หน้ากากอนามัยทางการแพทย์","หน้ากากอนามัยทางการแพทย์","หน้ากากอนามัยทางการแพทย์","ไม่เพียงพอ","35","ไม่ใส่","หลังเสร็จกิจกรรมที่ต้องทำทั้งวันแล้ว","ถังขยะทั่วไปมีฝาปิด","ไม่พับ","ไม่ทำ","ทำ","ทำ","ทำ","ทำ","ทำ","ทำ","ทำ","ไม่ทำ","ทำ","ทำ","ไม่ทำ","ไม่ทำ","ไม่ทำ","ไม่ทำ","ไม่ทำ","ทำ","ไม่ทำ","ไม่เคยทำ","ไม่เคยทำ","ทำเป็นประจำ","ทำเป็นประจำ","ทำเป็นบางครั้ง","ทำเป็นบางครั้ง","ทำเป็นบางครั้ง"
"2020/08/05 4:12:02 PM GMT+7","ชาย","22","Medicine","หน้ากากอนามัยทางการแพทย์","หน้ากากอนามัยทางการแพทย์","หน้ากากอนามัยทางการแพทย์","เพียงพอ","","ไม่ใส่","หลังเดินทางกลับที่พัก ก่อนไปทำกิจกรรมอื่นๆต่อ","ถังขยะทั่วไปมีฝาปิด","พับด้านสีเข้มออกด้านนอก","ทำ","ทำ","ทำ","ทำ","ทำ","ทำ","ทำ","ทำ","ไม่ทำ","ทำ","ทำ","ทำ","ทำ","ทำ","ทำ","ทำ","ทำ","ทำ","ไม่เคยทำ","ทำเป็นบางครั้ง","ไม่เคยทำ","ทำเป็นบางครั้ง","ทำเป็นบางครั้ง","ไม่เคยทำ","ไม่เคยทำ"
"2020/08/05 4:47:43 PM GMT+7","ชาย","22","Medicine","หน้ากากอนามัยทางการแพทย์","หน้ากากอนามัยทางการแพทย์","หน้ากากอนามัยทางการแพทย์","เพียงพอ","","ไม่ใส่","หลังเสร็จกิจกรรมที่ต้องทำทั้งวันแล้ว","ถังขยะทั่วไปไม่มีฝาปิด","พับด้านสีเข้มออกด้านนอก","ไม่ทำ","ทำ","ทำ","ทำ","ทำ","ทำ","ทำ","ทำ","ไม่ทำ","ทำ;ไม่ทำ","ทำ","ไม่ทำ","ทำ","ไม่ทำ","ไม่ทำ","ไม่ทำ","ทำ","ไม่ทำ","ไม่เคยทำ","ทำเป็นบางครั้ง","ไม่เคยทำ","ทำเป็นบางครั้ง","ทำเป็นบางครั้ง","ไม่เคยทำ","ทำเป็นบางครั้ง"
"2020/08/05 5:20:34 PM GMT+7","หญิง","23","Psychology","หน้ากากอนามัยทางการแพทย์","หน้ากากอนามัยทางการแพทย์","หน้ากากอนามัยทางการแพทย์","เพียงพอ","","ไม่ใส่","หลังเสร็จกิจกรรมที่ต้องทำทั้งวันแล้ว","ถังขยะทั่วไปมีฝาปิด","ไม่พับ","ทำ","ทำ","ทำ","ทำ","ทำ","ทำ","ทำ","ทำ","ทำ","ทำ","ทำ","ทำ","ทำ","ทำ","ไม่ทำ","ทำ","ทำ","ไม่ทำ","ไม่เคยทำ","ทำเป็นบางครั้ง","ไม่เคยทำ","ทำเป็นบางครั้ง","ทำเป็นบางครั้ง","ไม่เคยทำ","ไม่เคยทำ"
"2020/08/05 5:38:27 PM GMT+7","หญิง","21","Orthopedic","หน้ากากอนามัยทางการแพทย์","หน้ากากอนามัยทางการแพทย์","หน้ากากอนามัยทางการแพทย์","เพียงพอ","","ไม่ใส่","หลังเดินทางกลับที่พัก ก่อนไปทำกิจกรรมอื่นๆต่อ","ถังขยะทั่วไปไม่มีฝาปิด","ไม่พับ","ไม่ทำ","ไม่ทำ","ทำ","ทำ","ทำ","ทำ","ไม่ทำ","ไม่ทำ","ไม่ทำ","ไม่ทำ","ไม่ทำ","ไม่ทำ","ไม่ทำ","ไม่ทำ","ไม่ทำ","ไม่ทำ","ทำ","ไม่ทำ","ไม่เคยทำ","ทำเป็นบางครั้ง","ทำเป็นบางครั้ง","ทำเป็นประจำ","ทำเป็นประจำ","ทำเป็นประจำ","ทำเป็นบางครั้ง"
"2020/08/05 5:41:23 PM GMT+7","หญิง","23","Psychology","หน้ากากอนามัยทางการแพทย์","หน้ากากผ้า","หน้ากากอนามัยทางการแพทย์","เพียงพอ","","ไม่ใส่","หลังเสร็จกิจกรรมที่ต้องทำทั้งวันแล้ว","ถังขยะทั่วไปไม่มีฝาปิด","ไม่พับ","ไม่ทำ","ทำ","ทำ","ทำ","ทำ","ทำ","ทำ","ไม่ทำ","ไม่ทำ","ทำ","ทำ","ทำ","ไม่ทำ","ทำ","ไม่ทำ","ทำ","ทำ","ทำ","ไม่เคยทำ","ไม่เคยทำ","ทำเป็นบางครั้ง","ทำเป็นบางครั้ง","ทำเป็นบางครั้ง","ทำเป็นบางครั้ง","ทำเป็นบางครั้ง"
"2020/08/05 5:42:30 PM GMT+7","ชาย","22","Ophthalmology","หน้ากากอนามัยทางการแพทย์","หน้ากากอนามัยทางการแพทย์","หน้ากากอนามัยทางการแพทย์","เพียงพอ","","ไม่ใส่","หลังเสร็จกิจกรรมที่ต้องทำทั้งวันแล้ว","ถังขยะทั่วไปไม่มีฝาปิด","พับด้านสีเข้มออกด้านนอก","ไม่ทำ","ไม่ทำ","ทำ","ทำ","ทำ","ทำ","ทำ","ไม่ทำ","ไม่ทำ","ไม่ทำ","ทำ","ไม่ทำ","ไม่ทำ","ไม่ทำ","ไม่ทำ","ไม่ทำ","ทำ","ไม่ทำ","ไม่เคยทำ","ทำเป็นบางครั้ง","ไม่เคยทำ","ทำเป็นบางครั้ง","ทำเป็นบางครั้ง","ไม่เคยทำ","ทำเป็นบางครั้ง"
"2020/08/05 5:46:28 PM GMT+7","หญิง","23","Otolaryngology","หน้ากากอนามัยทางการแพทย์","หน้ากากอนามัยทางการแพทย์","หน้ากากฟองน้ำ","เพียงพอ","","ไม่ใส่","หลังเสร็จกิจกรรมที่ต้องทำทั้งวันแล้ว","ถังขยะทั่วไปไม่มีฝาปิด","พับด้านสีเข้มออกด้านนอก","ไม่ทำ","ไม่ทำ","ทำ","ทำ","ทำ","ทำ","ทำ","ทำ","ไม่ทำ","ไม่ทำ","ทำ","ไม่ทำ","ทำ","ไม่ทำ","ไม่ทำ","ไม่ทำ","ทำ","ไม่ทำ","ไม่เคยทำ","ทำเป็นบางครั้ง","ไม่เคยทำ","ทำเป็นประจำ","ทำเป็นบางครั้ง","ไม่เคยทำ","ทำเป็นบางครั้ง"
"2020/08/05 6:08:56 PM GMT+7","ชาย","22","Otolaryngology","หน้ากากอนามัยทางการแพทย์","หน้ากากอนามัยทางการแพทย์","หน้ากากอนามัยทางการแพทย์","เพียงพอ","","ไม่ใส่","หลังเสร็จกิจกรรมที่ต้องทำทั้งวันแล้ว","ถังขยะทั่วไปไม่มีฝาปิด","ไม่พับ","ไม่ทำ","ไม่ทำ","ทำ","ทำ","ทำ","ทำ","ทำ","ไม่ทำ","ไม่ทำ","ไม่ทำ","ทำ","ไม่ทำ","ไม่ทำ","ไม่ทำ","ไม่ทำ","ทำ","ทำ","ไม่ทำ","ไม่เคยทำ","ไม่เคยทำ","ไม่เคยทำ","ทำเป็นบางครั้ง","ทำเป็นบางครั้ง","ทำเป็นบางครั้ง","ทำเป็นบางครั้ง"
"2020/08/05 6:17:39 PM GMT+7","ชาย","22","Anesthesiology","หน้ากากอนามัยทางการแพทย์","หน้ากากอนามัยทางการแพทย์","หน้ากากอนามัยทางการแพทย์","เพียงพอ","","ใส่","หลังเดินทางกลับที่พัก ก่อนไปทำกิจกรรมอื่นๆต่อ","ถังขยะทั่วไปไม่มีฝาปิด","ไม่พับ","ไม่ทำ","ไม่ทำ","ทำ","ทำ","ทำ","ทำ","ทำ","ไม่ทำ","ไม่ทำ","ไม่ทำ","ทำ","ไม่ทำ","ไม่ทำ","ไม่ทำ","ไม่ทำ","ไม่ทำ","ไม่ทำ","ไม่ทำ","ทำเป็นบางครั้ง","ทำเป็นประจำ","ทำเป็นประจำ","ทำเป็นประจำ","ไม่เคยทำ","ไม่เคยทำ","ทำเป็นบางครั้ง"
"2020/08/05 7:15:11 PM GMT+7","ชาย","23","Community medicine","หน้ากากอนามัยทางการแพทย์","หน้ากากอนามัยทางการแพทย์","หน้ากากอนามัยทางการแพทย์","เพียงพอ","31","ไม่ใส่","หลังเสร็จกิจกรรมที่ต้องทำทั้งวันแล้ว","ถังขยะทั่วไปมีฝาปิด","ไม่พับ","ไม่ทำ","ทำ","ทำ","ทำ","ทำ","ทำ","ทำ","ทำ","ไม่ทำ","ไม่ทำ","ทำ","ไม่ทำ","ไม่ทำ","ไม่ทำ","ไม่ทำ","ไม่ทำ","ทำ","ไม่ทำ","ไม่เคยทำ","ทำเป็นบางครั้ง","ไม่เคยทำ","ทำเป็นบางครั้ง","ทำเป็นบางครั้ง","ไม่เคยทำ","ทำเป็นประจำ;ทำเป็นบางครั้ง"
"2020/08/05 7:41:33 PM GMT+7","หญิง","22","Rehabilitation","หน้ากากอนามัยทางการแพทย์","หน้ากากอนามัยทางการแพทย์","หน้ากากอนามัยทางการแพทย์","เพียงพอ","","ไม่ใส่","หลังเสร็จกิจกรรมที่ต้องทำทั้งวันแล้ว","ถังขยะทั่วไปไม่มีฝาปิด","ไม่พับ","ไม่ทำ","ไม่ทำ","ทำ","ทำ","ทำ","ทำ","ทำ","ไม่ทำ","ไม่ทำ","ไม่ทำ","ไม่ทำ","ทำ","ไม่ทำ","ไม่ทำ","ไม่ทำ","ทำ","ทำ","ไม่ทำ","ไม่เคยทำ","ไม่เคยทำ","ทำเป็นบางครั้ง","ทำเป็นประจำ","ทำเป็นประจำ","ทำเป็นบางครั้ง","ไม่เคยทำ"
"2020/08/06 12:34:48 AM GMT+7","ชาย","23","Community medicine","หน้ากากอนามัยทางการแพทย์","หน้ากากอนามัยทางการแพทย์","หน้ากากอนามัยทางการแพทย์","เพียงพอ","31","ไม่ใส่","หลังเสร็จกิจกรรมที่ต้องทำทั้งวันแล้ว","ถังขยะทั่วไปมีฝาปิด","ไม่พับ","ไม่ทำ","ทำ","ทำ","ทำ","ทำ","ทำ","ทำ","ทำ","ไม่ทำ","ไม่ทำ","ทำ","ไม่ทำ","ไม่ทำ","ไม่ทำ","ไม่ทำ","ไม่ทำ","ทำ","ไม่ทำ","ไม่เคยทำ","ทำเป็นบางครั้ง","ไม่เคยทำ","ทำเป็นบางครั้ง","ทำเป็นบางครั้ง","ไม่เคยทำ","ทำเป็นประจำ;ทำเป็นบางครั้ง"
"2020/08/06 8:13:58 AM GMT+7","ชาย","23","Community medicine","หน้ากากอนามัยทางการแพทย์","หน้ากากอนามัยทางการแพทย์","หน้ากากอนามัยทางการแพทย์","เพียงพอ","","ไม่ใส่","หลังเสร็จกิจกรรมที่ต้องทำทั้งวันแล้ว","ถังขยะทั่วไปมีฝาปิด","พับด้านสีเข้มออกด้านนอก","ไม่ทำ","ไม่ทำ","ทำ","ทำ","ทำ","ทำ","ทำ","ทำ","ทำ","ไม่ทำ","ไม่ทำ","ทำ","ไม่ทำ","ไม่ทำ","ไม่ทำ","ทำ","ทำ","ไม่ทำ","ไม่เคยทำ","ไม่เคยทำ","ทำเป็นบางครั้ง","ทำเป็นประจำ","ทำเป็นประจำ","ทำเป็นประจำ","ทำเป็นบางครั้ง"
"2020/08/06 8:15:28 AM GMT+7","หญิง","23","Community medicine","หน้ากากอนามัยทางการแพทย์","หน้ากากอนามัยทางการแพทย์","หน้ากากอนามัยทางการแพทย์","เพียงพอ","","ไม่ใส่","หลังเสร็จกิจกรรมที่ต้องทำทั้งวันแล้ว","ถังขยะทั่วไปมีฝาปิด","ไม่พับ","ทำ","ทำ","ทำ","ทำ","ทำ","ทำ","ไม่ทำ","ไม่ทำ","ทำ","ไม่ทำ","ทำ","ไม่ทำ","ทำ","ไม่ทำ","ทำ","ไม่ทำ","ทำ","ไม่ทำ","ไม่เคยทำ","ไม่เคยทำ","ทำเป็นบางครั้ง","ทำเป็นประจำ","ทำเป็นบางครั้ง","ไม่เคยทำ","ทำเป็นบางครั้ง"
"2020/08/06 8:16:02 AM GMT+7","หญิง","22","Community medicine","หน้ากากอนามัยทางการแพทย์","หน้ากากอนามัยทางการแพทย์","หน้ากากอนามัยทางการแพทย์","เพียงพอ","","ไม่ใส่","หลังเดินทางกลับที่พัก ก่อนไปทำกิจกรรมอื่นๆต่อ","ถังขยะทั่วไปไม่มีฝาปิด","ไม่พับ","ไม่ทำ","ทำ","ทำ","ทำ","ทำ","ทำ","ทำ","ทำ","ไม่ทำ","ทำ","ทำ","ทำ","ทำ","ไม่ทำ","ทำ","ทำ","ทำ","ทำ","ไม่เคยทำ","ทำเป็นบางครั้ง","ไม่เคยทำ","ทำเป็นบางครั้ง","ทำเป็นประจำ","ทำเป็นบางครั้ง","ทำเป็นบางครั้ง"
"2020/08/06 8:30:41 AM GMT+7","หญิง","22","Medicine","หน้ากากอนามัยทางการแพทย์","หน้ากากอนามัยทางการแพทย์","หน้ากากอนามัยทางการแพทย์","เพียงพอ","","ไม่ใส่","หลังเสร็จกิจกรรมที่ต้องทำทั้งวันแล้ว","ถังขยะทั่วไปไม่มีฝาปิด","ไม่พับ","ไม่ทำ","ไม่ทำ","ทำ","ทำ","ทำ","ทำ","ทำ","ทำ","ไม่ทำ","ไม่ทำ","ทำ","ไม่ทำ","ไม่ทำ","ไม่ทำ","ไม่ทำ","ทำ","ทำ","ไม่ทำ","ไม่เคยทำ","ไม่เคยทำ","ไม่เคยทำ","ทำเป็นบางครั้ง","ไม่เคยทำ","ไม่เคยทำ","ไม่เคยทำ"
"2020/08/06 8:40:21 AM GMT+7","หญิง","22","Medicine","หน้ากากอนามัยทางการแพทย์","หน้ากากอนามัยทางการแพทย์","หน้ากากอนามัยทางการแพทย์","เพียงพอ","","ไม่ใส่","หลังเดินทางกลับที่พัก ก่อนไปทำกิจกรรมอื่นๆต่อ","ถังขยะทั่วไปไม่มีฝาปิด","ไม่พับ","ไม่ทำ","ไม่ทำ","ทำ","ทำ","ทำ","ทำ","ไม่ทำ","ไม่ทำ","ไม่ทำ","ไม่ทำ","ไม่ทำ","ไม่ทำ","ไม่ทำ","ไม่ทำ","ไม่ทำ","ไม่ทำ","ไม่ทำ","ไม่ทำ","ทำเป็นบางครั้ง","ทำเป็นบางครั้ง","ทำเป็นบางครั้ง","ทำเป็นบางครั้ง","ทำเป็นบางครั้ง","ทำเป็นบางครั้ง","ทำเป็นบางครั้ง"
"2020/08/06 10:23:18 AM GMT+7","หญิง","22","Community medicine","หน้ากากอนามัยทางการแพทย์","หน้ากากอนามัยทางการแพทย์","หน้ากากอนามัยทางการแพทย์","เพียงพอ","","ไม่ใส่","หลังเสร็จกิจกรรมที่ต้องทำทั้งวันแล้ว","ถังขยะทั่วไปไม่มีฝาปิด","ไม่พับ","ทำ","ไม่ทำ","ทำ","ทำ","ทำ","ทำ","ทำ","ทำ","ทำ","ไม่ทำ","ทำ","ไม่ทำ","ไม่ทำ","ทำ","ทำ","ทำ","ทำ","ไม่ทำ","ไม่เคยทำ","ทำเป็นบางครั้ง","ไม่เคยทำ","ทำเป็นบางครั้ง","ทำเป็นประจำ","ทำเป็นบางครั้ง","ไม่เคยทำ"
"2020/08/06 10:29:17 AM GMT+7","หญิง","23","Psychology","หน้ากากอนามัยทางการแพทย์","หน้ากากอนามัยทางการแพทย์","หน้ากากอนามัยทางการแพทย์","เพียงพอ","","ไม่ใส่","หลังเสร็จกิจกรรมที่ต้องทำทั้งวันแล้ว","ถังขยะทั่วไปมีฝาปิด","พับด้านสีเข้มออกด้านนอก","ไม่ทำ","ไม่ทำ","ทำ;ไม่ทำ","ทำ","ทำ","ทำ","ทำ","ทำ;ไม่ทำ","ไม่ทำ","ไม่ทำ","ทำ","ทำ","ทำ","ไม่ทำ","ไม่ทำ","ทำ","ทำ","ไม่ทำ","ไม่เคยทำ","ทำเป็นบางครั้ง","ไม่เคยทำ","ไม่เคยทำ","ไม่เคยทำ","ไม่เคยทำ","ไม่เคยทำ"
"2020/08/06 10:30:26 AM GMT+7","ชาย","22","Community medicine","หน้ากากอนามัยทางการแพทย์","หน้ากากอนามัยทางการแพทย์","หน้ากากอนามัยทางการแพทย์","เพียงพอ","","ไม่ใส่","หลังเสร็จกิจกรรมที่ต้องทำทั้งวันแล้ว","ถังขยะทั่วไปไม่มีฝาปิด","ไม่พับ","ไม่ทำ","ไม่ทำ","ไม่ทำ","ทำ","ทำ","ทำ","ทำ","ไม่ทำ","ไม่ทำ","ไม่ทำ","ไม่ทำ","ไม่ทำ","ไม่ทำ","ไม่ทำ","ไม่ทำ","ไม่ทำ","ทำ","ไม่ทำ","ไม่เคยทำ","ทำเป็นบางครั้ง","ไม่เคยทำ","ทำเป็นบางครั้ง","ทำเป็นบางครั้ง","ไม่เคยทำ","ทำเป็นบางครั้ง"
"2020/08/06 10:31:01 AM GMT+7","หญิง","23","Psychology","หน้ากากอนามัยทางการแพทย์","หน้ากากอนามัยทางการแพทย์","หน้ากากอนามัยทางการแพทย์","เพียงพอ","","ไม่ใส่","หลังเสร็จกิจกรรมที่ต้องทำทั้งวันแล้ว","ถังขยะทั่วไปไม่มีฝาปิด","พับด้านสีเข้มออกด้านนอก","ไม่ทำ","ไม่ทำ","ทำ","ทำ","ทำ","ทำ","ทำ","ไม่ทำ","ไม่ทำ","ไม่ทำ","ทำ","ทำ","ไม่ทำ","ไม่ทำ","ไม่ทำ","ไม่ทำ","ทำ","ไม่ทำ","ไม่เคยทำ","ทำเป็นประจำ","ไม่เคยทำ","ไม่เคยทำ","ทำเป็นประจำ","ไม่เคยทำ","ไม่เคยทำ"
"2020/08/06 10:32:16 AM GMT+7","หญิง","22","Community medicine","หน้ากากอนามัยทางการแพทย์","หน้ากากอนามัยทางการแพทย์","หน้ากากอนามัยทางการแพทย์","เพียงพอ","","ไม่ใส่","หลังเสร็จกิจกรรมที่ต้องทำทั้งวันแล้ว","ถังขยะติดเชื้อ","ไม่พับ","ไม่ทำ","ไม่ทำ","ทำ;ไม่ทำ","ทำ","ทำ","ทำ","ทำ","ทำ","ทำ","ไม่ทำ","ทำ","ไม่ทำ","ทำ","ทำ","ไม่ทำ","ทำ","ทำ","ไม่ทำ","ไม่เคยทำ","ไม่เคยทำ","ไม่เคยทำ","ทำเป็นบางครั้ง","ทำเป็นบางครั้ง","ทำเป็นบางครั้ง","ทำเป็นบางครั้ง"
"2020/08/06 10:34:36 AM GMT+7","ชาย","23","Community medicine","หน้ากากอนามัยทางการแพทย์","หน้ากากอนามัยทางการแพทย์","หน้ากากอนามัยทางการแพทย์","เพียงพอ","","ไม่ใส่","หลังเสร็จกิจกรรมที่ต้องทำทั้งวันแล้ว","ถังขยะทั่วไปมีฝาปิด","ไม่พับ","ไม่ทำ","ทำ","ทำ","ทำ","ทำ","ทำ","ทำ","ไม่ทำ","ไม่ทำ","ไม่ทำ","ทำ","ไม่ทำ","ไม่ทำ","ไม่ทำ","ไม่ทำ","ไม่ทำ","ทำ","ไม่ทำ","ไม่เคยทำ","ไม่เคยทำ","ทำเป็นบางครั้ง","ทำเป็นประจำ","ไม่เคยทำ","ทำเป็นบางครั้ง","ทำเป็นบางครั้ง"
"2020/08/06 10:34:39 AM GMT+7","ชาย","22","Community medicine","หน้ากากอนามัยทางการแพทย์","หน้ากากอนามัยทางการแพทย์","หน้ากากอนามัยทางการแพทย์","เพียงพอ","","ไม่ใส่","หลังเดินทางกลับที่พัก ก่อนไปทำกิจกรรมอื่นๆต่อ","ถังขยะทั่วไปไม่มีฝาปิด","พับด้านสีเข้มออกด้านนอก","ไม่ทำ","ไม่ทำ","ทำ","ทำ","ทำ","ทำ","ทำ","ทำ;ไม่ทำ","ไม่ทำ","ไม่ทำ","ทำ","ไม่ทำ","ไม่ทำ","ไม่ทำ","ไม่ทำ","ทำ","ทำ","ไม่ทำ","ไม่เคยทำ","ทำเป็นบางครั้ง","ทำเป็นบางครั้ง","ทำเป็นบางครั้ง","ทำเป็นบางครั้ง","ไม่เคยทำ","ทำเป็นบางครั้ง"
"2020/08/06 10:35:46 AM GMT+7","ชาย","21","Orthopedic","หน้ากากอนามัยทางการแพทย์","หน้ากากอนามัยทางการแพทย์","หน้ากากอนามัยทางการแพทย์","เพียงพอ","","ใส่","หลังเสร็จกิจกรรมที่ต้องทำทั้งวันแล้ว","ถังขยะติดเชื้อ","ไม่พับ","ไม่ทำ","ไม่ทำ","ทำ","ทำ","ทำ","ทำ","ไม่ทำ","ไม่ทำ","ทำ","ทำ","ไม่ทำ","ไม่ทำ","ทำ","ทำ","ทำ","ทำ","ไม่ทำ","ทำ","ทำเป็นบางครั้ง","ไม่เคยทำ","ไม่เคยทำ","ทำเป็นบางครั้ง","ทำเป็นประจำ","ทำเป็นประจำ","ทำเป็นบางครั้ง"
"2020/08/06 10:48:14 AM GMT+7","หญิง","21","Orthopedic","หน้ากากอนามัยทางการแพทย์","หน้ากากอนามัยทางการแพทย์","หน้ากากอนามัยทางการแพทย์","เพียงพอ","","ไม่ใส่","หลังเสร็จกิจกรรมที่ต้องทำทั้งวันแล้ว","ถังขยะทั่วไปมีฝาปิด","ไม่พับ","ทำ","ไม่ทำ","ทำ","ทำ","ทำ","ทำ","ทำ","ทำ","ไม่ทำ","ไม่ทำ","ทำ","ไม่ทำ","ไม่ทำ","ไม่ทำ","ไม่ทำ","ทำ","ไม่ทำ","ไม่ทำ","ไม่เคยทำ","ไม่เคยทำ","ทำเป็นบางครั้ง","ทำเป็นประจำ","ทำเป็นประจำ","ทำเป็นบางครั้ง","ทำเป็นบางครั้ง"
"2020/08/06 11:02:32 AM GMT+7","ชาย","22","Ophthalmology","หน้ากากอนามัยทางการแพทย์","หน้ากาก FFP1","หน้ากากอนามัยทางการแพทย์","เพียงพอ","","ไม่ใส่","หลังเสร็จกิจกรรมที่ต้องทำทั้งวันแล้ว","ถังขยะทั่วไปไม่มีฝาปิด","ไม่พับ","ไม่ทำ","ทำ","ทำ","ทำ","ทำ","ทำ","ทำ","ไม่ทำ","ไม่ทำ","ไม่ทำ","ทำ","ไม่ทำ","ทำ","ไม่ทำ","ไม่ทำ","ไม่ทำ","ทำ","ไม่ทำ","ไม่เคยทำ","ไม่เคยทำ","ไม่เคยทำ","ทำเป็นบางครั้ง","ทำเป็นบางครั้ง","ทำเป็นบางครั้ง","ทำเป็นประจำ"
"2020/08/06 11:09:42 AM GMT+7","ชาย","22","Anesthesiology","หน้ากากอนามัยทางการแพทย์","หน้ากากอนามัยทางการแพทย์","หน้ากากอนามัยทางการแพทย์","เพียงพอ","","ไม่ใส่","หลังเสร็จกิจกรรมที่ต้องทำทั้งวันแล้ว","ถังขยะทั่วไปมีฝาปิด","ไม่พับ","ไม่ทำ","ไม่ทำ","ทำ","ทำ","ทำ","ทำ","ทำ","ทำ","ไม่ทำ","ทำ","ทำ","ไม่ทำ","ไม่ทำ","ทำ","ทำ","ทำ","ทำ","ไม่ทำ","ไม่เคยทำ","ไม่เคยทำ","ไม่เคยทำ","ทำเป็นบางครั้ง","ทำเป็นประจำ","ทำเป็นบางครั้ง","ไม่เคยทำ"
"2020/08/06 11:35:37 AM GMT+7","ชาย","22","Ophthalmology","หน้ากากอนามัยทางการแพทย์","หน้ากากผ้า","หน้ากากผ้า","เพียงพอ","","ไม่ใส่","หลังเดินทางกลับที่พัก ก่อนไปทำกิจกรรมอื่นๆต่อ","ถังขยะทั่วไปมีฝาปิด","ไม่พับ","ไม่ทำ","ไม่ทำ","ทำ","ทำ","ทำ","ทำ","ทำ","ไม่ทำ","ทำ","ไม่ทำ","ทำ","ไม่ทำ","ไม่ทำ","ไม่ทำ","ไม่ทำ","ไม่ทำ","ทำ","ไม่ทำ","ไม่เคยทำ","ทำเป็นบางครั้ง","ไม่เคยทำ","ทำเป็นบางครั้ง","ทำเป็นบางครั้ง","ไม่เคยทำ","ไม่เคยทำ"
"2020/08/06 11:38:51 AM GMT+7","ชาย","21","Rehabilitation","หน้ากากอนามัยทางการแพทย์","หน้ากากอนามัยทางการแพทย์","หน้ากากอนามัยทางการแพทย์","เพียงพอ","","ไม่ใส่","หลังเสร็จกิจกรรมที่ต้องทำทั้งวันแล้ว","ถังขยะทั่วไปมีฝาปิด","ไม่พับ","ไม่ทำ","ทำ","ทำ","ทำ","ทำ","ทำ","ไม่ทำ","ไม่ทำ","ไม่ทำ","ไม่ทำ","ทำ","ไม่ทำ","ไม่ทำ","ไม่ทำ","ไม่ทำ","ไม่ทำ","ไม่ทำ","ไม่ทำ","ไม่เคยทำ","ทำเป็นบางครั้ง","ทำเป็นบางครั้ง","ทำเป็นบางครั้ง","ทำเป็นบางครั้ง","ทำเป็นบางครั้ง","ทำเป็นบางครั้ง"
"2020/08/06 12:14:01 PM GMT+7","หญิง","23","Community medicine","หน้ากากอนามัยทางการแพทย์","หน้ากากอนามัยทางการแพทย์","หน้ากากผ้า","เพียงพอ","","ไม่ใส่","หลังเสร็จกิจกรรมที่ต้องทำทั้งวันแล้ว","ถังขยะทั่วไปไม่มีฝาปิด","พับด้านสีเข้มออกด้านนอก","ไม่ทำ","ไม่ทำ","ทำ","ทำ","ทำ","ไม่ทำ","ทำ","ไม่ทำ","ไม่ทำ","ไม่ทำ","ไม่ทำ","ไม่ทำ","ไม่ทำ","ไม่ทำ","ไม่ทำ","ไม่ทำ","ทำ","ไม่ทำ","ไม่เคยทำ","ทำเป็นบางครั้ง","ไม่เคยทำ","ทำเป็นประจำ","ทำเป็นประจำ","ทำเป็นประจำ","ทำเป็นประจำ"
"2020/08/06 12:16:20 PM GMT+7","หญิง","22","Medicine","หน้ากากอนามัยทางการแพทย์","หน้ากากอนามัยทางการแพทย์","หน้ากากอนามัยทางการแพทย์","เพียงพอ","","ไม่ใส่","หลังเสร็จกิจกรรมที่ต้องทำทั้งวันแล้ว","ถังขยะทั่วไปมีฝาปิด","พับด้านสีเข้มออกด้านนอก","ไม่ทำ","ไม่ทำ","ทำ","ทำ","ทำ","ทำ","ทำ","ทำ","ทำ","ทำ","ทำ","ทำ","ทำ","ทำ","ทำ","ทำ","ทำ","ทำ","ไม่เคยทำ","ไม่เคยทำ","ไม่เคยทำ","ไม่เคยทำ","ไม่เคยทำ","ไม่เคยทำ","ไม่เคยทำ"
"2020/08/06 12:45:06 PM GMT+7","หญิง","22","Medicine","หน้ากากอนามัยทางการแพทย์","หน้ากากอนามัยทางการแพทย์","หน้ากากอนามัยทางการแพทย์","เพียงพอ","","ไม่ใส่","หลังเดินทางกลับที่พัก ก่อนไปทำกิจกรรมอื่นๆต่อ","ถังขยะทั่วไปมีฝาปิด","พับด้านสีเข้มออกด้านนอก","ทำ","ทำ","ทำ","ทำ","ทำ","ทำ","ทำ","ไม่ทำ","ไม่ทำ","ทำ","ไม่ทำ","ไม่ทำ","ไม่ทำ","ไม่ทำ","ไม่ทำ","ไม่ทำ","ไม่ทำ","ไม่ทำ","ทำเป็นบางครั้ง","ทำเป็นบางครั้ง","ไม่เคยทำ","ทำเป็นบางครั้ง","ทำเป็นบางครั้ง","ไม่เคยทำ","ไม่เคยทำ"
"2020/08/06 12:46:23 PM GMT+7","หญิง","23","Medicine","หน้ากากอนามัยทางการแพทย์","หน้ากากอนามัยทางการแพทย์","หน้ากากกระดาษ","เพียงพอ","","ไม่ใส่","หลังเดินทางกลับที่พัก ก่อนไปทำกิจกรรมอื่นๆต่อ","ถังขยะทั่วไปมีฝาปิด","ไม่พับ","ไม่ทำ","ไม่ทำ","ทำ","ทำ","ทำ","ไม่ทำ","ทำ","ไม่ทำ","ทำ","ทำ","ไม่ทำ","ทำ","ทำ","ทำ","ไม่ทำ","ทำ","ทำ","ทำ","ทำเป็นบางครั้ง","ทำเป็นบางครั้ง","ทำเป็นบางครั้ง","ทำเป็นบางครั้ง","ไม่เคยทำ","ทำเป็นประจำ","ทำเป็นบางครั้ง"
"2020/08/06 12:46:37 PM GMT+7","ชาย","23","Medicine","หน้ากากอนามัยทางการแพทย์","หน้ากากอนามัยทางการแพทย์","หน้ากากอนามัยทางการแพทย์","เพียงพอ","","ไม่ใส่","หลังเสร็จกิจกรรมที่ต้องทำทั้งวันแล้ว","ถังขยะทั่วไปไม่มีฝาปิด","พับด้านสีเข้มออกด้านนอก","ไม่ทำ","ทำ;ไม่ทำ","ทำ","ทำ","ทำ","ทำ","ไม่ทำ","ไม่ทำ","ทำ","ไม่ทำ","ไม่ทำ","ไม่ทำ","ไม่ทำ","ทำ","ไม่ทำ","ไม่ทำ","ไม่ทำ","ไม่ทำ","ทำเป็นบางครั้ง","ทำเป็นบางครั้ง","ไม่เคยทำ","ทำเป็นประจำ","ทำเป็นประจำ","ทำเป็นบางครั้ง","ไม่เคยทำ"
"2020/08/06 12:47:38 PM GMT+7","หญิง","22","Medicine","หน้ากากอนามัยทางการแพทย์","หน้ากากอนามัยทางการแพทย์","หน้ากากอนามัยทางการแพทย์","เพียงพอ","","ไม่ใส่","หลังเสร็จกิจกรรมที่ต้องทำทั้งวันแล้ว","ถังขยะติดเชื้อ","พับด้านสีเข้มออกด้านนอก","ไม่ทำ","ทำ","ทำ","ทำ","ทำ","ทำ","ทำ","ทำ","ทำ","ทำ","ไม่ทำ","ไม่ทำ","ทำ","ไม่ทำ","ไม่ทำ","ทำ","ทำ","ไม่ทำ","ไม่เคยทำ","ทำเป็นบางครั้ง","ไม่เคยทำ","ทำเป็นบางครั้ง","ทำเป็นประจำ","ไม่เคยทำ","ทำเป็นบางครั้ง"
"2020/08/06 1:05:13 PM GMT+7","หญิง","22","Psychology","หน้ากากอนามัยทางการแพทย์","หน้ากากอนามัยทางการแพทย์","หน้ากากอนามัยทางการแพทย์","ไม่เพียงพอ","35","ไม่ใส่","หลังเสร็จกิจกรรมที่ต้องทำทั้งวันแล้ว","ถังขยะทั่วไปมีฝาปิด","ไม่พับ","ไม่ทำ","ไม่ทำ","ทำ;ไม่ทำ","ทำ","ทำ","ทำ","ทำ","ไม่ทำ","ไม่ทำ","ไม่ทำ","ไม่ทำ","ทำ","ไม่ทำ","ไม่ทำ","ไม่ทำ","ไม่ทำ","ทำ","ไม่ทำ","ไม่เคยทำ","ไม่เคยทำ","ไม่เคยทำ","ไม่เคยทำ","ไม่เคยทำ","ไม่เคยทำ","ไม่เคยทำ"
"2020/08/06 1:06:58 PM GMT+7","ชาย","22","Medicine","หน้ากากอนามัยทางการแพทย์","หน้ากากอนามัยทางการแพทย์","หน้ากากอนามัยทางการแพทย์","เพียงพอ","","ไม่ใส่","หลังเสร็จกิจกรรมที่ต้องทำทั้งวันแล้ว","ถังขยะติดเชื้อ","ไม่พับ","ไม่ทำ","ทำ","ทำ","ทำ","ทำ","ทำ","ไม่ทำ","ไม่ทำ","ทำ","ไม่ทำ","ไม่ทำ","ไม่ทำ","ไม่ทำ","ไม่ทำ","ไม่ทำ","ไม่ทำ","ไม่ทำ","ไม่ทำ","ไม่เคยทำ","ทำเป็นบางครั้ง","ไม่เคยทำ","ทำเป็นบางครั้ง","ทำเป็นบางครั้ง","ไม่เคยทำ","ไม่เคยทำ"
"2020/08/06 1:10:11 PM GMT+7","หญิง","23","Otolaryngology","หน้ากากอนามัยทางการแพทย์","หน้ากากอนามัยทางการแพทย์","หน้ากากอนามัยทางการแพทย์","เพียงพอ","","ไม่ใส่","หลังเสร็จกิจกรรมที่ต้องทำทั้งวันแล้ว","ถังขยะทั่วไปมีฝาปิด","ไม่พับ","ไม่ทำ","ทำ","ทำ","ทำ","ทำ","ทำ","ทำ","ทำ","ทำ","ทำ","ไม่ทำ","ไม่ทำ","ไม่ทำ","ไม่ทำ","ไม่ทำ","ทำ","ทำ","ไม่ทำ","ไม่เคยทำ","ทำเป็นบางครั้ง","ไม่เคยทำ","ทำเป็นประจำ","ทำเป็นบางครั้ง","ทำเป็นบางครั้ง","ไม่เคยทำ"
"2020/08/06 1:10:35 PM GMT+7","หญิง","22","Medicine","หน้ากากอนามัยทางการแพทย์","หน้ากากอนามัยทางการแพทย์","หน้ากากอนามัยทางการแพทย์","เพียงพอ","","ไม่ใส่","หลังเดินทางกลับที่พัก ก่อนไปทำกิจกรรมอื่นๆต่อ","ถังขยะทั่วไปมีฝาปิด","ไม่พับ","ไม่ทำ","ทำ","ทำ","ทำ","ทำ","ทำ","ไม่ทำ","ไม่ทำ","ทำ","ไม่ทำ","ไม่ทำ","ไม่ทำ","ทำ","ไม่ทำ","ไม่ทำ","ทำ","ทำ","ไม่ทำ","ไม่เคยทำ","ทำเป็นบางครั้ง","ไม่เคยทำ","ทำเป็นบางครั้ง","ทำเป็นบางครั้ง","ทำเป็นบางครั้ง","ทำเป็นบางครั้ง"
"2020/08/06 1:19:23 PM GMT+7","หญิง","22","Community medicine","หน้ากากอนามัยทางการแพทย์","หน้ากากอนามัยทางการแพทย์","หน้ากากอนามัยทางการแพทย์","เพียงพอ","","ไม่ใส่","หลังเสร็จกิจกรรมที่ต้องทำทั้งวันแล้ว","ถังขยะทั่วไปไม่มีฝาปิด","พับด้านสีเข้มออกด้านนอก","ทำ","ทำ","ทำ","ทำ","ทำ","ทำ","ทำ","ไม่ทำ","ทำ","ไม่ทำ","ไม่ทำ","ทำ","ไม่ทำ","ทำ","ทำ","ทำ","ไม่ทำ","ทำ","ทำเป็นประจำ","ทำเป็นประจำ","ทำเป็นบางครั้ง","ทำเป็นบางครั้ง","ทำเป็นประจำ","ทำเป็นประจำ","ทำเป็นประจำ"
"2020/08/06 1:26:19 PM GMT+7","หญิง","23","Anesthesiology","หน้ากากอนามัยทางการแพทย์","หน้ากากอนามัยทางการแพทย์","หน้ากากอนามัยทางการแพทย์","เพียงพอ","","ไม่ใส่","หลังเสร็จกิจกรรมที่ต้องทำทั้งวันแล้ว","ถังขยะทั่วไปไม่มีฝาปิด","ไม่พับ","ไม่ทำ","ไม่ทำ","ทำ","ทำ","ทำ","ทำ","ทำ","ไม่ทำ","ไม่ทำ","ไม่ทำ","ไม่ทำ","ไม่ทำ","ทำ","ไม่ทำ","ไม่ทำ","ไม่ทำ","ทำ","ไม่ทำ","ไม่เคยทำ","ทำเป็นบางครั้ง","ทำเป็นบางครั้ง","ทำเป็นบางครั้ง","ทำเป็นบางครั้ง","ทำเป็นบางครั้ง","ไม่เคยทำ"
"2020/08/06 1:38:39 PM GMT+7","หญิง","22","Orthopedic","หน้ากากอนามัยทางการแพทย์","หน้ากากอนามัยทางการแพทย์","หน้ากากอนามัยทางการแพทย์","เพียงพอ","","ไม่ใส่","หลังเสร็จกิจกรรมที่ต้องทำทั้งวันแล้ว","ถังขยะทั่วไปไม่มีฝาปิด","ไม่พับ","ไม่ทำ","ทำ","ทำ","ทำ","ทำ","ทำ","ทำ","ไม่ทำ","ทำ","ไม่ทำ","ทำ","ไม่ทำ","ไม่ทำ","ไม่ทำ","ไม่ทำ","ทำ","ทำ","ไม่ทำ","ไม่เคยทำ","ทำเป็นบางครั้ง","ไม่เคยทำ","ทำเป็นประจำ","ไม่เคยทำ","ไม่เคยทำ","ทำเป็นบางครั้ง"
"2020/08/06 2:07:09 PM GMT+7","ชาย","22","Ophthalmology","หน้ากากอนามัยทางการแพทย์","หน้ากากอนามัยทางการแพทย์","หน้ากากอนามัยทางการแพทย์","เพียงพอ","","ไม่ใส่","หลังเสร็จกิจกรรมที่ต้องทำทั้งวันแล้ว","ถังขยะทั่วไปไม่มีฝาปิด","ไม่พับ","ทำ","ทำ","ทำ","ทำ","ทำ","ทำ","ทำ","ไม่ทำ","ไม่ทำ","ไม่ทำ","ไม่ทำ","ไม่ทำ","ไม่ทำ","ไม่ทำ","ทำ","ไม่ทำ","ไม่ทำ","ไม่ทำ","ทำเป็นบางครั้ง","ทำเป็นบางครั้ง","ทำเป็นประจำ","ทำเป็นประจำ","ทำเป็นบางครั้ง","ไม่เคยทำ","ทำเป็นบางครั้ง"
"2020/08/06 2:54:41 PM GMT+7","ชาย","23","Medicine","หน้ากากอนามัยทางการแพทย์","หน้ากากอนามัยทางการแพทย์","หน้ากากอนามัยทางการแพทย์","เพียงพอ","","ไม่ใส่","หลังเสร็จกิจกรรมที่ต้องทำทั้งวันแล้ว","ถังขยะทั่วไปไม่มีฝาปิด","พับด้านสีเข้มเข้าด้านใน","ไม่ทำ","ทำ","ทำ","ทำ","ทำ","ทำ","ทำ","ทำ","ไม่ทำ","ทำ","ทำ","ทำ","ไม่ทำ","ไม่ทำ","ไม่ทำ","ไม่ทำ","ทำ","ไม่ทำ","ไม่เคยทำ","ทำเป็นบางครั้ง","ไม่เคยทำ","ไม่เคยทำ","ทำเป็นบางครั้ง","ทำเป็นบางครั้ง","ทำเป็นประจำ"
"2020/08/06 5:57:49 PM GMT+7","ชาย","22","Community medicine","หน้ากากอนามัยทางการแพทย์","หน้ากากอนามัยทางการแพทย์","หน้ากากอนามัยทางการแพทย์","เพียงพอ","","ไม่ใส่","หลังเดินทางกลับที่พัก ก่อนไปทำกิจกรรมอื่นๆต่อ","ถังขยะทั่วไปไม่มีฝาปิด","ไม่พับ","ไม่ทำ","ทำ","ทำ","ทำ","ทำ","ทำ","ไม่ทำ","ไม่ทำ","ไม่ทำ","ไม่ทำ","ทำ","ไม่ทำ","ไม่ทำ","ไม่ทำ","ไม่ทำ","ไม่ทำ","ทำ","ไม่ทำ","ไม่เคยทำ","ทำเป็นบางครั้ง","ทำเป็นบางครั้ง","ทำเป็นบางครั้ง","ทำเป็นบางครั้ง","ทำเป็นบางครั้ง","ทำเป็นบางครั้ง"
"2020/08/06 6:00:12 PM GMT+7","หญิง","23","Psychology","หน้ากากอนามัยทางการแพทย์","หน้ากากอนามัยทางการแพทย์","หน้ากากอนามัยทางการแพทย์","เพียงพอ","","ไม่ใส่","หลังเสร็จกิจกรรมที่ต้องทำทั้งวันแล้ว","ถังขยะทั่วไปไม่มีฝาปิด","ไม่พับ","ไม่ทำ","ไม่ทำ","ทำ","ทำ","ทำ","ทำ","ทำ","ทำ","ทำ","ทำ","ทำ","ทำ","ทำ","ทำ","ทำ","ทำ","ทำ","ทำ","ไม่เคยทำ","ไม่เคยทำ","ไม่เคยทำ","ทำเป็นบางครั้ง","ไม่เคยทำ","ทำเป็นบางครั้ง","ทำเป็นบางครั้ง"
"2020/08/06 6:54:36 PM GMT+7","หญิง","23","Medicine","หน้ากากอนามัยทางการแพทย์","หน้ากากอนามัยทางการแพทย์","หน้ากากอนามัยทางการแพทย์","เพียงพอ","","ไม่ใส่","หลังเสร็จกิจกรรมที่ต้องทำทั้งวันแล้ว","ถังขยะทั่วไปมีฝาปิด","ไม่พับ","ไม่ทำ","ทำ","ทำ","ทำ","ทำ","ทำ;ไม่ทำ","ทำ","ไม่ทำ","ไม่ทำ","ไม่ทำ","ทำ","ไม่ทำ","ไม่ทำ","ไม่ทำ","ไม่ทำ","ทำ","ทำ","ไม่ทำ","ไม่เคยทำ","ทำเป็นบางครั้ง","ทำเป็นบางครั้ง","ทำเป็นบางครั้ง","ทำเป็นบางครั้ง","ทำเป็นบางครั้ง","ทำเป็นบางครั้ง"
"2020/08/06 7:26:08 PM GMT+7","ชาย","22","Community medicine","หน้ากากอนามัยทางการแพทย์","หน้ากากอนามัยทางการแพทย์","หน้ากากอนามัยทางการแพทย์","เพียงพอ","","ไม่ใส่","หลังเดินทางกลับที่พัก ก่อนไปทำกิจกรรมอื่นๆต่อ","ถังขยะทั่วไปไม่มีฝาปิด","พับด้านสีเข้มออกด้านนอก","ไม่ทำ","ทำ","ทำ","ทำ","ทำ","ทำ","ทำ","ไม่ทำ","ไม่ทำ","ไม่ทำ","ทำ","ไม่ทำ","ทำ","ไม่ทำ","ไม่ทำ","ทำ","ทำ","ไม่ทำ","ไม่เคยทำ","ทำเป็นบางครั้ง","ไม่เคยทำ","ทำเป็นบางครั้ง","ทำเป็นบางครั้ง","ทำเป็นบางครั้ง","ทำเป็นบางครั้ง"
"2020/08/06 8:29:29 PM GMT+7","หญิง","22","Community medicine","หน้ากากอนามัยทางการแพทย์","หน้ากากอนามัยทางการแพทย์","หน้ากากอนามัยทางการแพทย์","เพียงพอ","","ไม่ใส่","หลังเสร็จกิจกรรมที่ต้องทำทั้งวันแล้ว","ถังขยะทั่วไปไม่มีฝาปิด","พับด้านสีเข้มออกด้านนอก","ทำ","ไม่ทำ","ทำ","ทำ","ทำ","ทำ","ทำ","ทำ","ไม่ทำ","ทำ","ทำ","ไม่ทำ","ทำ","ไม่ทำ","ไม่ทำ","ทำ","ทำ","ไม่ทำ","ไม่เคยทำ","ไม่เคยทำ","ไม่เคยทำ","ทำเป็นบางครั้ง","ไม่เคยทำ","ทำเป็นบางครั้ง","ทำเป็นบางครั้ง"
"2020/08/06 9:31:33 PM GMT+7","ชาย","22","Community medicine","หน้ากากอนามัยทางการแพทย์","หน้ากากอนามัยทางการแพทย์","หน้ากากอนามัยทางการแพทย์","เพียงพอ","","ไม่ใส่","หลังเสร็จกิจกรรมที่ต้องทำทั้งวันแล้ว","ถังขยะทั่วไปมีฝาปิด","ไม่พับ","ไม่ทำ","ทำ","ทำ","ทำ","ทำ","ทำ","ไม่ทำ","ทำ","ทำ","ไม่ทำ","ทำ","ทำ","ทำ","ไม่ทำ","ทำ","ทำ","ทำ","ไม่ทำ","ไม่เคยทำ","ทำเป็นบางครั้ง","ไม่เคยทำ","ทำเป็นบางครั้ง","ทำเป็นบางครั้ง","ทำเป็นบางครั้ง","ทำเป็นบางครั้ง"
"2020/08/07 1:14:08 AM GMT+7","หญิง","23","Community medicine","หน้ากากอนามัยทางการแพทย์","หน้ากากอนามัยทางการแพทย์","หน้ากากอนามัยทางการแพทย์","เพียงพอ","","ไม่ใส่","หลังเสร็จกิจกรรมที่ต้องทำทั้งวันแล้ว","ถังขยะทั่วไปมีฝาปิด","ไม่พับ","ทำ","ทำ","ทำ","ทำ","ทำ","ทำ","ไม่ทำ","ไม่ทำ","ทำ","ไม่ทำ","ทำ","ไม่ทำ","ทำ","ไม่ทำ","ทำ","ไม่ทำ","ทำ","ไม่ทำ","ไม่เคยทำ","ไม่เคยทำ","ทำเป็นบางครั้ง","ทำเป็นประจำ","ทำเป็นบางครั้ง","ไม่เคยทำ","ทำเป็นบางครั้ง"
"2020/08/07 7:46:10 AM GMT+7","หญิง","22","Anesthesiology","หน้ากากอนามัยทางการแพทย์","หน้ากากอนามัยทางการแพทย์","หน้ากากอนามัยทางการแพทย์","เพียงพอ","","ไม่ใส่","หลังเสร็จกิจกรรมที่ต้องทำทั้งวันแล้ว","ถังขยะทั่วไปมีฝาปิด","ไม่พับ","ไม่ทำ","ทำ","ทำ","ทำ","ทำ","ทำ","ทำ","ทำ","ทำ","ไม่ทำ","ทำ","ไม่ทำ","ไม่ทำ","ไม่ทำ","ไม่ทำ","ทำ","ทำ","ไม่ทำ","ไม่เคยทำ","ทำเป็นบางครั้ง","ไม่เคยทำ","ทำเป็นบางครั้ง","ทำเป็นบางครั้ง","ทำเป็นบางครั้ง","ทำเป็นบางครั้ง"
"2020/08/07 9:06:49 AM GMT+7","หญิง","22","Medicine","หน้ากากอนามัยทางการแพทย์","หน้ากากอนามัยทางการแพทย์","หน้ากากอนามัยทางการแพทย์","เพียงพอ","","ไม่ใส่","หลังเดินทางกลับที่พัก ก่อนไปทำกิจกรรมอื่นๆต่อ","ถังขยะทั่วไปมีฝาปิด","ไม่พับ","ไม่ทำ","ทำ","ทำ","ทำ","ทำ","ทำ","ทำ","ไม่ทำ","ทำ","ไม่ทำ","ทำ","ไม่ทำ","ไม่ทำ","ไม่ทำ","ไม่ทำ","ทำ","ทำ","ไม่ทำ","ไม่เคยทำ","ทำเป็นบางครั้ง","ไม่เคยทำ","ทำเป็นบางครั้ง","ทำเป็นบางครั้ง","ทำเป็นบางครั้ง","ไม่เคยทำ"
"2020/08/07 9:09:03 AM GMT+7","หญิง","22","Medicine","หน้ากากอนามัยทางการแพทย์","หน้ากากอนามัยทางการแพทย์","หน้ากากอนามัยทางการแพทย์","เพียงพอ","","ไม่ใส่","หลังเสร็จกิจกรรมที่ต้องทำทั้งวันแล้ว","ถังขยะทั่วไปไม่มีฝาปิด","ไม่พับ","ไม่ทำ","ทำ","ทำ","ทำ","ทำ","ทำ","ทำ","ไม่ทำ","ไม่ทำ","ไม่ทำ","ทำ","ไม่ทำ","ไม่ทำ","ไม่ทำ","ไม่ทำ","ทำ","ทำ","ไม่ทำ","ทำเป็นบางครั้ง","ทำเป็นบางครั้ง","ทำเป็นบางครั้ง","ทำเป็นบางครั้ง","ทำเป็นบางครั้ง","ทำเป็นบางครั้ง","ไม่เคยทำ"
"2020/08/07 9:11:23 AM GMT+7","หญิง","22","Medicine","หน้ากากอนามัยทางการแพทย์","หน้ากากอนามัยทางการแพทย์","หน้ากากอนามัยทางการแพทย์","เพียงพอ","","ไม่ใส่","หลังเดินทางกลับที่พัก ก่อนไปทำกิจกรรมอื่นๆต่อ","ถังขยะทั่วไปไม่มีฝาปิด","ไม่พับ","ไม่ทำ","ทำ","ทำ","ทำ","ทำ","ทำ","ทำ","ไม่ทำ","ไม่ทำ","ไม่ทำ","ทำ","ไม่ทำ","ไม่ทำ","ไม่ทำ","ไม่ทำ","ทำ","ทำ","ไม่ทำ","ทำเป็นบางครั้ง","ทำเป็นบางครั้ง","ทำเป็นบางครั้ง","ทำเป็นบางครั้ง","ทำเป็นบางครั้ง","ทำเป็นบางครั้ง","ทำเป็นบางครั้ง"
"2020/08/07 9:14:11 AM GMT+7","ชาย","23","Medicine","หน้ากากอนามัยทางการแพทย์","หน้ากากอนามัยทางการแพทย์","หน้ากากอนามัยทางการแพทย์","ไม่เพียงพอ","","ไม่ใส่","หลังเสร็จกิจกรรมที่ต้องทำทั้งวันแล้ว","ถังขยะทั่วไปมีฝาปิด","ไม่พับ","ไม่ทำ","ทำ","ทำ","ทำ","ทำ","ทำ","ทำ","ไม่ทำ","ไม่ทำ","ไม่ทำ","ทำ","ไม่ทำ","ไม่ทำ","ไม่ทำ","ไม่ทำ","ทำ","ทำ","ไม่ทำ","ทำเป็นบางครั้ง","ทำเป็นบางครั้ง","ทำเป็นบางครั้ง","ทำเป็นบางครั้ง","ทำเป็นบางครั้ง","ทำเป็นบางครั้ง","ทำเป็นบางครั้ง"
"2020/08/07 9:17:17 AM GMT+7","หญิง","23","Anesthesiology","หน้ากากอนามัยทางการแพทย์","หน้ากากอนามัยทางการแพทย์","หน้ากากอนามัยทางการแพทย์","เพียงพอ","","ไม่ใส่","หลังเดินทางกลับที่พัก ก่อนไปทำกิจกรรมอื่นๆต่อ","ถังขยะทั่วไปมีฝาปิด","พับด้านสีเข้มออกด้านนอก","ไม่ทำ","ทำ","ทำ","ทำ","ทำ","ทำ","ทำ","ไม่ทำ","ไม่ทำ","ไม่ทำ","ทำ","ไม่ทำ","ไม่ทำ","ไม่ทำ","ไม่ทำ","ทำ","ทำ","ไม่ทำ","ทำเป็นบางครั้ง","ทำเป็นบางครั้ง","ทำเป็นบางครั้ง","ทำเป็นบางครั้ง","ทำเป็นบางครั้ง","ทำเป็นบางครั้ง","ไม่เคยทำ"
"2020/08/07 9:19:02 AM GMT+7","หญิง","22","Medicine","หน้ากากอนามัยทางการแพทย์","หน้ากากอนามัยทางการแพทย์","หน้ากากอนามัยทางการแพทย์","เพียงพอ","","ไม่ใส่","หลังเดินทางกลับที่พัก ก่อนไปทำกิจกรรมอื่นๆต่อ","ถังขยะทั่วไปมีฝาปิด","ไม่พับ","ไม่ทำ","ทำ","ทำ","ทำ","ทำ","ทำ","ทำ","ไม่ทำ","ทำ","ไม่ทำ","ทำ","ไม่ทำ","ไม่ทำ","ไม่ทำ","ไม่ทำ","ทำ","ทำ","ไม่ทำ","ไม่เคยทำ","ทำเป็นบางครั้ง","ไม่เคยทำ","ทำเป็นบางครั้ง","ทำเป็นบางครั้ง","ทำเป็นบางครั้ง","ไม่เคยทำ"
"2020/08/07 9:23:01 AM GMT+7","ชาย","23","Medicine","หน้ากากอนามัยทางการแพทย์","หน้ากากอนามัยทางการแพทย์","หน้ากากอนามัยทางการแพทย์","เพียงพอ","","ไม่ใส่","หลังเสร็จกิจกรรมที่ต้องทำทั้งวันแล้ว","ถังขยะทั่วไปมีฝาปิด","พับด้านสีเข้มออกด้านนอก","ไม่ทำ","ทำ","ทำ","ทำ","ทำ","ทำ","ทำ","ทำ","ไม่ทำ","ไม่ทำ","ทำ","ไม่ทำ","ไม่ทำ","ไม่ทำ","ไม่ทำ","ทำ","ทำ","ไม่ทำ","ไม่เคยทำ","ทำเป็นบางครั้ง","ไม่เคยทำ","ทำเป็นบางครั้ง","ทำเป็นบางครั้ง","ทำเป็นบางครั้ง","ไม่เคยทำ"
"2020/08/07 9:25:26 AM GMT+7","ชาย","22","Medicine","หน้ากากอนามัยทางการแพทย์","หน้ากากอนามัยทางการแพทย์","หน้ากากอนามัยทางการแพทย์","เพียงพอ","","ไม่ใส่","หลังเดินทางกลับที่พัก ก่อนไปทำกิจกรรมอื่นๆต่อ","ถังขยะทั่วไปไม่มีฝาปิด","ไม่พับ","ไม่ทำ","ทำ","ทำ","ทำ","ทำ","ทำ","ทำ","ทำ","ไม่ทำ","ไม่ทำ","ทำ","ไม่ทำ","ไม่ทำ","ไม่ทำ","ไม่ทำ","ทำ","ทำ","ไม่ทำ","ไม่เคยทำ","ทำเป็นบางครั้ง","ไม่เคยทำ","ทำเป็นประจำ","ทำเป็นบางครั้ง","ทำเป็นบางครั้ง","ไม่เคยทำ"
"2020/08/07 9:51:13 AM GMT+7","หญิง","22","Anesthesiology","หน้ากากอนามัยทางการแพทย์","หน้ากากอนามัยทางการแพทย์","หน้ากากอนามัยทางการแพทย์","เพียงพอ","","ไม่ใส่","หลังเสร็จกิจกรรมที่ต้องทำทั้งวันแล้ว","ถังขยะติดเชื้อ","พับด้านสีเข้มออกด้านนอก","ไม่ทำ","ทำ","ทำ","ทำ","ทำ","ทำ","ทำ","ทำ","ทำ","ไม่ทำ","ทำ","ไม่ทำ","ไม่ทำ","ไม่ทำ","ไม่ทำ","ทำ","ทำ","ไม่ทำ","ไม่เคยทำ","ทำเป็นบางครั้ง","ทำเป็นบางครั้ง","ทำเป็นบางครั้ง","ทำเป็นบางครั้ง","ไม่เคยทำ","ไม่เคยทำ"
"2020/08/07 9:54:09 AM GMT+7","ชาย","22","Rehabilitation","หน้ากากอนามัยทางการแพทย์","หน้ากากอนามัยทางการแพทย์","หน้ากากอนามัยทางการแพทย์","เพียงพอ","","ไม่ใส่","หลังเสร็จกิจกรรมที่ต้องทำทั้งวันแล้ว","ถังขยะทั่วไปไม่มีฝาปิด","ไม่พับ","ทำ","ทำ","ทำ","ทำ","ทำ","ทำ","ทำ","ทำ","ไม่ทำ","ทำ","ทำ","ทำ","ไม่ทำ","ไม่ทำ","ไม่ทำ","ทำ","ทำ","ไม่ทำ","ไม่เคยทำ","ทำเป็นบางครั้ง","ไม่เคยทำ","ทำเป็นบางครั้ง","ทำเป็นบางครั้ง","ทำเป็นบางครั้ง","ไม่เคยทำ"
"2020/08/07 9:56:00 AM GMT+7","ชาย","22","Medicine","หน้ากากอนามัยทางการแพทย์","หน้ากากอนามัยทางการแพทย์","หน้ากากอนามัยทางการแพทย์","เพียงพอ","","ไม่ใส่","หลังเดินทางกลับที่พัก ก่อนไปทำกิจกรรมอื่นๆต่อ","ถังขยะทั่วไปมีฝาปิด","พับด้านสีเข้มออกด้านนอก","ทำ","ทำ","ทำ","ทำ","ทำ","ทำ","ทำ","ทำ","ทำ","ไม่ทำ","ทำ","ไม่ทำ","ไม่ทำ","ไม่ทำ","ไม่ทำ","ทำ","ทำ","ไม่ทำ","ไม่เคยทำ","ไม่เคยทำ","ไม่เคยทำ","ทำเป็นบางครั้ง","ทำเป็นบางครั้ง","ทำเป็นบางครั้ง","ไม่เคยทำ"
"2020/08/07 9:57:58 AM GMT+7","หญิง","22","Medicine","หน้ากากอนามัยทางการแพทย์","หน้ากากอนามัยทางการแพทย์","หน้ากากอนามัยทางการแพทย์","เพียงพอ","","ไม่ใส่","หลังเสร็จกิจกรรมที่ต้องทำทั้งวันแล้ว","ถังขยะทั่วไปไม่มีฝาปิด","ไม่พับ","ไม่ทำ","ทำ","ทำ","ทำ","ทำ","ทำ","ทำ","ทำ","ไม่ทำ","ไม่ทำ","ทำ","ไม่ทำ","ไม่ทำ","ไม่ทำ","ไม่ทำ","ทำ","ทำ","ไม่ทำ","ไม่เคยทำ","ทำเป็นบางครั้ง","ไม่เคยทำ","ทำเป็นบางครั้ง","ทำเป็นบางครั้ง","ทำเป็นบางครั้ง","ไม่เคยทำ"
"2020/08/07 9:59:11 AM GMT+7","หญิง","22","Medicine","หน้ากากอนามัยทางการแพทย์","หน้ากากอนามัยทางการแพทย์","หน้ากากอนามัยทางการแพทย์","เพียงพอ","","ไม่ใส่","หลังเดินทางกลับที่พัก ก่อนไปทำกิจกรรมอื่นๆต่อ","ถังขยะทั่วไปมีฝาปิด","พับด้านสีเข้มออกด้านนอก","ไม่ทำ","ทำ","ทำ","ทำ","ทำ","ทำ","ทำ","ทำ","ไม่ทำ","ไม่ทำ","ทำ","ไม่ทำ","ไม่ทำ","ไม่ทำ","ไม่ทำ","ทำ","ทำ","ทำ","ไม่เคยทำ","ทำเป็นบางครั้ง","ไม่เคยทำ","ทำเป็นบางครั้ง","ทำเป็นบางครั้ง","ทำเป็นบางครั้ง","ไม่เคยทำ"
"2020/08/07 10:00:29 AM GMT+7","ชาย","22","Medicine","หน้ากากอนามัยทางการแพทย์","หน้ากากอนามัยทางการแพทย์","หน้ากากอนามัยทางการแพทย์","เพียงพอ","","ไม่ใส่","หลังเสร็จกิจกรรมที่ต้องทำทั้งวันแล้ว","ถังขยะทั่วไปไม่มีฝาปิด","ไม่พับ","ไม่ทำ","ทำ","ทำ","ทำ","ทำ","ทำ","ทำ","ไม่ทำ","ไม่ทำ","ไม่ทำ","ทำ","ไม่ทำ","ไม่ทำ","ไม่ทำ","ไม่ทำ","ทำ","ทำ","ไม่ทำ","ไม่เคยทำ","ทำเป็นบางครั้ง","ไม่เคยทำ","ทำเป็นบางครั้ง","ทำเป็นบางครั้ง","ทำเป็นบางครั้ง","ไม่เคยทำ"
"2020/08/07 10:01:38 AM GMT+7","ชาย","22","Medicine","หน้ากากอนามัยทางการแพทย์","หน้ากากอนามัยทางการแพทย์","หน้ากากอนามัยทางการแพทย์","เพียงพอ","","ไม่ใส่","หลังเสร็จกิจกรรมที่ต้องทำทั้งวันแล้ว","ถังขยะทั่วไปไม่มีฝาปิด","ไม่พับ","ไม่ทำ","ทำ","ทำ","ทำ","ทำ","ทำ","ทำ","ทำ","ไม่ทำ","ไม่ทำ","ทำ","ไม่ทำ","ไม่ทำ","ไม่ทำ","ไม่ทำ","ทำ","ทำ","ไม่ทำ","ไม่เคยทำ","ทำเป็นบางครั้ง","ไม่เคยทำ","ทำเป็นบางครั้ง","ทำเป็นบางครั้ง","ไม่เคยทำ","ไม่เคยทำ"